  0
SECTION
  2
HEADER
  9
$EXTMIN
 10
0.99647861391875
 20
0.35811314469682
  9
$EXTMAX
 10
10.003521386081
 20
7.6418868553032
  9
$LIMMIN
 10
0
 20
0
  9
$LIMMAX
 10
11
 20
8.5
  9
$LUNITS
 70
2
  9
$LUPREC
 70
2
  9
$AUNITS
 70
0
  9
$AUPREC
 70
2
  0
ENDSEC
  0
SECTION
  2
TABLES
  0
TABLE
  2
LTYPE
 70
9
  0
LTYPE
  2
CONTINUOUS
  3
___________________________
 70
64
 72
65
 73
0
 40
0
  0
LTYPE
  2
HIDDEN
  3
_ _ _ _ _ _ _ _ _ _ _ _ _ _ 
 70
64
 72
65
 73
2
 49
0.25
 49
-0.125
 40
0.375
  0
LTYPE
  2
DASHED
  3
__ __ __ __ __ __ __ __ __ 
 70
64
 72
65
 73
2
 49
0.5
 49
-0.25
 40
0.75
  0
LTYPE
  2
CENTER
  3
____ _ ____ _ ____ _ ____ _ 
 70
64
 72
65
 73
4
 49
1.25
 49
-0.25
 49
0.25
 49
-0.25
 40
2
  0
LTYPE
  2
PHANTOM
  3
_____ _ _ _____ _ _ _____ _ _ 
 70
64
 72
65
 73
6
 49
1.25
 49
-0.25
 49
0.25
 49
-0.25
 49
0.25
 49
-0.25
 40
2.5
  0
LTYPE
  2
DOT
  3
...........................
 70
64
 72
65
 73
2
 49
0
 49
-0.25
 40
0.25
  0
LTYPE
  2
DASHDOT
  3
__ . __ . __ . __ . __ . __ . 
 70
64
 72
65
 73
4
 49
0.5
 49
-0.25
 49
0
 49
-0.25
 40
1
  0
LTYPE
  2
DIVIDE
  3
__ . . __ . . __ . . __ . . 
 70
64
 72
65
 73
6
 49
0.5
 49
-0.25
 49
0
 49
-0.25
 49
0
 49
-0.25
 40
1.25
  0
LTYPE
  2
BORDER
  3
__ __ . __ __ . __ __ . __ __ . 
 70
64
 72
65
 73
6
 49
0.5
 49
-0.25
 49
0.5
 49
-0.25
 49
0
 49
-0.25
 40
1.75
  0
ENDTAB
  0
TABLE
  2
LAYER
 70
9
  0
LAYER
  2
0
 62
7
  6
CONTINUOUS
 70
0
  0
LAYER
  2
1
 62
1
  6
CONTINUOUS
 70
0
  0
LAYER
  2
2
 62
2
  6
CONTINUOUS
 70
0
  0
LAYER
  2
3
 62
3
  6
CONTINUOUS
 70
0
  0
LAYER
  2
4
 62
4
  6
CONTINUOUS
 70
0
  0
LAYER
  2
5
 62
5
  6
CONTINUOUS
 70
0
  0
LAYER
  2
6
 62
6
  6
CONTINUOUS
 70
0
  0
LAYER
  2
7
 62
7
  6
CONTINUOUS
 70
0
  0
LAYER
  2
8
 62
7
  6
CONTINUOUS
 70
0
  0
ENDTAB
  0
TABLE
  2
STYLE
 70
5
  0
STYLE
  2
ptmarker
 70
1
 40
0
 50
0
 71
0
 41
0
 42
0
  3
ptmarks
  0
STYLE
  2
TXT
 70
0
 40
0
 50
0
 71
0
 41
0
 42
0
  3
TXT
  0
STYLE
  2
ITALIC
 70
0
 40
0
 50
0
 71
0
 41
0
 42
0
  3
ITALIC
  0
STYLE
  2
SIMPLEX
 70
0
 40
0
 50
0
 71
0
 41
0
 42
0
  3
SIMPLEX
  0
STYLE
  2
COMPLEX
 70
0
 40
0
 50
0
 71
0
 41
0
 42
0
  3
COMPLEX
  0
ENDTAB
  0
ENDSEC
  0
SECTION
  2
BLOCKS
  0
ENDSEC
  0
SECTION
  2
ENTITIES
  0
POLYLINE
  8
1
  6
CONTINUOUS
 62
8
 70
0
 66
1
  0
VERTEX
  8
1
  6
CONTINUOUS
 62
8
 10
8.7749720756643
 20
3.8068076929623
  0
VERTEX
  8
1
  6
CONTINUOUS
 62
8
 10
8.7659291259559
 20
3.7308539129639
  0
VERTEX
  8
1
  6
CONTINUOUS
 62
8
 10
8.7586086428583
 20
3.6578703925186
  0
VERTEX
  8
1
  6
CONTINUOUS
 62
8
 10
8.7530106263721
 20
3.5878571316261
  0
VERTEX
  8
1
  6
CONTINUOUS
 62
8
 10
8.7487044598441
 20
3.5199654847002
  0
VERTEX
  8
1
  6
CONTINUOUS
 62
8
 10
8.7461207599274
 20
3.4550440973272
  0
VERTEX
  8
1
  6
CONTINUOUS
 62
8
 10
8.7448289099689
 20
3.392668646714
  0
VERTEX
  8
1
  6
CONTINUOUS
 62
8
 10
8.7452595266218
 20
3.3328391328606
  0
VERTEX
  8
1
  6
CONTINUOUS
 62
8
 10
8.7465513765801
 20
3.2755555557669
  0
VERTEX
  8
1
  6
CONTINUOUS
 62
8
 10
8.7491350764969
 20
3.2203935926394
  0
VERTEX
  8
1
  6
CONTINUOUS
 62
8
 10
8.7530106263721
 20
3.1677775662719
  0
VERTEX
  8
1
  6
CONTINUOUS
 62
8
 10
8.7581780262054
 20
3.1172831538707
  0
VERTEX
  8
1
  6
CONTINUOUS
 62
8
 10
8.7637760426919
 20
3.0693346782293
  0
VERTEX
  8
1
  6
CONTINUOUS
 62
8
 10
8.7706659091365
 20
3.0235078165541
  0
VERTEX
  8
1
  6
CONTINUOUS
 62
8
 10
8.7784170088868
 20
2.9798025688456
  0
VERTEX
  8
1
  6
CONTINUOUS
 62
8
 10
8.7870293419426
 20
2.9386432578967
  0
VERTEX
  8
1
  6
CONTINUOUS
 62
8
 10
8.796502908304
 20
2.899181238121
  0
VERTEX
  8
1
  6
CONTINUOUS
 62
8
 10
8.8068377079711
 20
2.8614165095185
  0
VERTEX
  8
1
  6
CONTINUOUS
 62
8
 10
8.8176031242909
 20
2.8257733948823
  0
VERTEX
  8
1
  6
CONTINUOUS
 62
8
 10
8.8287991572636
 20
2.7922518942127
  0
VERTEX
  8
1
  6
CONTINUOUS
 62
8
 10
8.8404258068889
 20
2.7604276847161
  0
VERTEX
  8
1
  6
CONTINUOUS
 62
8
 10
8.8529136898199
 20
2.7307250891861
  0
VERTEX
  8
1
  6
CONTINUOUS
 62
8
 10
8.8654015727508
 20
2.7022954620359
  0
VERTEX
  8
1
  6
CONTINUOUS
 62
8
 10
8.8783200723346
 20
2.6759874488519
  0
VERTEX
  8
1
  6
CONTINUOUS
 62
8
 10
8.8912385719184
 20
2.6509524040481
  0
VERTEX
  8
1
  6
CONTINUOUS
 62
8
 10
8.9045876881549
 20
2.6280389732105
  0
VERTEX
  8
1
  6
CONTINUOUS
 62
8
 10
8.9179368043916
 20
2.6059741879596
  0
VERTEX
  8
1
  6
CONTINUOUS
 62
8
 10
8.9317165372809
 20
2.5860310166751
  0
VERTEX
  8
1
  6
CONTINUOUS
 62
8
 10
8.9450656535174
 20
2.5669364909771
  0
VERTEX
  8
1
  6
CONTINUOUS
 62
8
 10
8.9584147697541
 20
2.5499635792456
  0
VERTEX
  8
1
  6
CONTINUOUS
 62
8
 10
8.9713332693377
 20
2.5338393131008
  0
VERTEX
  8
1
  6
CONTINUOUS
 62
8
 10
8.9846823855744
 20
2.5189880153357
  0
VERTEX
  8
1
  6
CONTINUOUS
 62
8
 10
8.9971702685053
 20
2.5054096859506
  0
VERTEX
  8
1
  6
CONTINUOUS
 62
8
 10
9.0143949346171
 20
2.4472774632702
  0
VERTEX
  8
1
  6
CONTINUOUS
 62
8
 10
9.0191317177978
 20
2.4493990772366
  0
VERTEX
  8
1
  6
CONTINUOUS
 62
8
 10
9.0238685009785
 20
2.4523693367896
  0
VERTEX
  8
1
  6
CONTINUOUS
 62
8
 10
9.0281746675065
 20
2.4561882419292
  0
VERTEX
  8
1
  6
CONTINUOUS
 62
8
 10
9.0320502173816
 20
2.4608557926553
  0
VERTEX
  8
1
  6
CONTINUOUS
 62
8
 10
9.0354951506038
 20
2.4663719889681
  0
VERTEX
  8
1
  6
CONTINUOUS
 62
8
 10
9.0389400838263
 20
2.4727368308675
  0
VERTEX
  8
1
  6
CONTINUOUS
 62
8
 10
9.0423850170485
 20
2.47952599556
  0
VERTEX
  8
1
  6
CONTINUOUS
 62
8
 10
9.0449687169652
 20
2.4871638058393
  0
VERTEX
  8
1
  6
CONTINUOUS
 62
8
 10
9.0479830335348
 20
2.4948016161184
  0
VERTEX
  8
1
  6
CONTINUOUS
 62
8
 10
9.0501361167988
 20
2.5028637491909
  0
VERTEX
  8
1
  6
CONTINUOUS
 62
8
 10
9.0522892000628
 20
2.5109258822632
  0
VERTEX
  8
1
  6
CONTINUOUS
 62
8
 10
9.0544422833268
 20
2.5189880153357
  0
VERTEX
  8
1
  6
CONTINUOUS
 62
8
 10
9.0561647499379
 20
2.5274744712015
  0
VERTEX
  8
1
  6
CONTINUOUS
 62
8
 10
9.0574565998963
 20
2.535536604274
  0
VERTEX
  8
1
  6
CONTINUOUS
 62
8
 10
9.0587484498546
 20
2.5435987373463
  0
VERTEX
  8
1
  6
CONTINUOUS
 62
8
 10
9.060040299813
 20
2.5512365476256
  0
VERTEX
  8
1
  6
CONTINUOUS
 62
8
 10
9.0609015331186
 20
2.5851823710886
  0
VERTEX
  8
1
  6
CONTINUOUS
 62
8
 10
9.062193383077
 20
2.6187038717582
  0
VERTEX
  8
1
  6
CONTINUOUS
 62
8
 10
9.0630546163826
 20
2.6526496952213
  0
VERTEX
  8
1
  6
CONTINUOUS
 62
8
 10
9.0634852330355
 20
2.6865955186841
  0
VERTEX
  8
1
  6
CONTINUOUS
 62
8
 10
9.064346466341
 20
2.7205413421472
  0
VERTEX
  8
1
  6
CONTINUOUS
 62
8
 10
9.0647770829937
 20
2.7544871656102
  0
VERTEX
  8
1
  6
CONTINUOUS
 62
8
 10
9.0652076996466
 20
2.7880086662798
  0
VERTEX
  8
1
  6
CONTINUOUS
 62
8
 10
9.0652076996466
 20
2.8219544897428
  0
VERTEX
  8
1
  6
CONTINUOUS
 62
8
 10
9.0656383162993
 20
2.8559003132057
  0
VERTEX
  8
1
  6
CONTINUOUS
 62
8
 10
9.0656383162993
 20
2.8898461366687
  0
VERTEX
  8
1
  6
CONTINUOUS
 62
8
 10
9.0656383162993
 20
2.9237919601318
  0
VERTEX
  8
1
  6
CONTINUOUS
 62
8
 10
9.0656383162993
 20
2.9577377835946
  0
VERTEX
  8
1
  6
CONTINUOUS
 62
8
 10
9.0656383162993
 20
2.9916836070577
  0
VERTEX
  8
1
  6
CONTINUOUS
 62
8
 10
9.0656383162993
 20
3.0252051077273
  0
VERTEX
  8
1
  6
CONTINUOUS
 62
8
 10
9.0656383162993
 20
3.0591509311903
  0
VERTEX
  8
1
  6
CONTINUOUS
 62
8
 10
9.0652076996466
 20
3.0930967546534
  0
VERTEX
  8
1
  6
CONTINUOUS
 62
8
 10
9.0652076996466
 20
3.1270425781162
  0
VERTEX
  8
1
  6
CONTINUOUS
 62
8
 10
9.0647770829937
 20
3.1609884015793
  0
VERTEX
  8
1
  6
CONTINUOUS
 62
8
 10
9.0647770829937
 20
3.1949342250421
  0
VERTEX
  8
1
  6
CONTINUOUS
 62
8
 10
9.064346466341
 20
3.2288800485052
  0
VERTEX
  8
1
  6
CONTINUOUS
 62
8
 10
9.0639158496881
 20
3.2628258719682
  0
VERTEX
  8
1
  6
CONTINUOUS
 62
8
 10
9.0639158496881
 20
3.2967716954311
  0
VERTEX
  8
1
  6
CONTINUOUS
 62
8
 10
9.0634852330355
 20
3.3307175188941
  0
VERTEX
  8
1
  6
CONTINUOUS
 62
8
 10
9.0630546163826
 20
3.3646633423572
  0
VERTEX
  8
1
  6
CONTINUOUS
 62
8
 10
9.0630546163826
 20
3.39860916582
  0
VERTEX
  8
1
  6
CONTINUOUS
 62
8
 10
9.0626239997297
 20
3.4325549892831
  0
VERTEX
  8
1
  6
CONTINUOUS
 62
8
 10
9.0626239997297
 20
3.4665008127459
  0
VERTEX
  8
1
  6
CONTINUOUS
 62
8
 10
9.062193383077
 20
3.5000223134157
  0
VERTEX
  8
1
  6
CONTINUOUS
 62
8
 10
9.062193383077
 20
3.5339681368786
  0
VERTEX
  8
1
  6
CONTINUOUS
 62
8
 10
9.062193383077
 20
3.5679139603416
  0
VERTEX
  8
1
  6
CONTINUOUS
 62
8
 10
9.062193383077
 20
3.6018597838047
  0
VERTEX
  8
1
  6
CONTINUOUS
 62
8
 10
9.062193383077
 20
3.6358056072675
  0
VERTEX
  8
1
  6
CONTINUOUS
 62
8
 10
8.7749720756643
 20
3.8068076929623
  0
SEQEND
  0
POLYLINE
  8
1
  6
CONTINUOUS
 62
8
 70
0
 66
1
  0
VERTEX
  8
1
  6
CONTINUOUS
 62
8
 10
8.8292297739162
 20
3.3735741210162
  0
VERTEX
  8
1
  6
CONTINUOUS
 62
8
 10
9.0152561679227
 20
3.3752714121892
  0
VERTEX
  8
1
  6
CONTINUOUS
 62
8
 10
9.0152561679227
 20
3.389698387161
  0
VERTEX
  8
1
  6
CONTINUOUS
 62
8
 10
9.0148255512698
 20
3.4041253621329
  0
VERTEX
  8
1
  6
CONTINUOUS
 62
8
 10
9.0148255512698
 20
3.4185523371045
  0
VERTEX
  8
1
  6
CONTINUOUS
 62
8
 10
9.0143949346171
 20
3.4329793120763
  0
VERTEX
  8
1
  6
CONTINUOUS
 62
8
 10
9.0139643179642
 20
3.4478306098414
  0
VERTEX
  8
1
  6
CONTINUOUS
 62
8
 10
9.0139643179642
 20
3.4622575848132
  0
VERTEX
  8
1
  6
CONTINUOUS
 62
8
 10
9.0135337013114
 20
3.4771088825781
  0
VERTEX
  8
1
  6
CONTINUOUS
 62
8
 10
9.0135337013114
 20
3.4919601803432
  0
VERTEX
  8
1
  6
CONTINUOUS
 62
8
 10
9.0131030846587
 20
3.5063871553151
  0
VERTEX
  8
1
  6
CONTINUOUS
 62
8
 10
9.0126724680058
 20
3.5212384530801
  0
VERTEX
  8
1
  6
CONTINUOUS
 62
8
 10
9.0126724680058
 20
3.5356654280518
  0
VERTEX
  8
1
  6
CONTINUOUS
 62
8
 10
9.0122418513531
 20
3.5505167258169
  0
VERTEX
  8
1
  6
CONTINUOUS
 62
8
 10
9.0122418513531
 20
3.5649437007887
  0
VERTEX
  8
1
  6
CONTINUOUS
 62
8
 10
9.0122418513531
 20
3.5797949985538
  0
VERTEX
  8
1
  6
CONTINUOUS
 62
8
 10
9.0118112347002
 20
3.5942219735254
  0
VERTEX
  8
1
  6
CONTINUOUS
 62
8
 10
9.0118112347002
 20
3.6086489484973
  0
VERTEX
  8
1
  6
CONTINUOUS
 62
8
 10
8.8412870401945
 20
3.708789127713
  0
VERTEX
  8
1
  6
CONTINUOUS
 62
8
 10
8.8404258068889
 20
3.6990297034675
  0
VERTEX
  8
1
  6
CONTINUOUS
 62
8
 10
8.8395645735834
 20
3.6892702792218
  0
VERTEX
  8
1
  6
CONTINUOUS
 62
8
 10
8.8387033402778
 20
3.6790865321828
  0
VERTEX
  8
1
  6
CONTINUOUS
 62
8
 10
8.8378421069721
 20
3.6693271079373
  0
VERTEX
  8
1
  6
CONTINUOUS
 62
8
 10
8.8374114903194
 20
3.6595676836916
  0
VERTEX
  8
1
  6
CONTINUOUS
 62
8
 10
8.8365502570138
 20
3.6493839366529
  0
VERTEX
  8
1
  6
CONTINUOUS
 62
8
 10
8.8356890237082
 20
3.6392001896139
  0
VERTEX
  8
1
  6
CONTINUOUS
 62
8
 10
8.8352584070554
 20
3.629016442575
  0
VERTEX
  8
1
  6
CONTINUOUS
 62
8
 10
8.8343971737498
 20
3.6188326955362
  0
VERTEX
  8
1
  6
CONTINUOUS
 62
8
 10
8.8339665570969
 20
3.6086489484973
  0
VERTEX
  8
1
  6
CONTINUOUS
 62
8
 10
8.8331053237914
 20
3.5984652014583
  0
VERTEX
  8
1
  6
CONTINUOUS
 62
8
 10
8.8326747071387
 20
3.5878571316261
  0
VERTEX
  8
1
  6
CONTINUOUS
 62
8
 10
8.8322440904858
 20
3.5776733845873
  0
VERTEX
  8
1
  6
CONTINUOUS
 62
8
 10
8.8313828571802
 20
3.5670653147551
  0
VERTEX
  8
1
  6
CONTINUOUS
 62
8
 10
8.8309522405274
 20
3.5568815677162
  0
VERTEX
  8
1
  6
CONTINUOUS
 62
8
 10
8.8305216238747
 20
3.546273497884
  0
VERTEX
  8
1
  6
CONTINUOUS
 62
8
 10
8.8300910072218
 20
3.5356654280518
  0
VERTEX
  8
1
  6
CONTINUOUS
 62
8
 10
8.8296603905691
 20
3.5250573582196
  0
VERTEX
  8
1
  6
CONTINUOUS
 62
8
 10
8.8292297739162
 20
3.5144492883876
  0
VERTEX
  8
1
  6
CONTINUOUS
 62
8
 10
8.8292297739162
 20
3.5038412185554
  0
VERTEX
  8
1
  6
CONTINUOUS
 62
8
 10
8.8287991572636
 20
3.4932331487232
  0
VERTEX
  8
1
  6
CONTINUOUS
 62
8
 10
8.8287991572636
 20
3.482625078891
  0
VERTEX
  8
1
  6
CONTINUOUS
 62
8
 10
8.8283685406107
 20
3.4715926862655
  0
VERTEX
  8
1
  6
CONTINUOUS
 62
8
 10
8.8283685406107
 20
3.4609846164333
  0
VERTEX
  8
1
  6
CONTINUOUS
 62
8
 10
8.8283685406107
 20
3.4499522238079
  0
VERTEX
  8
1
  6
CONTINUOUS
 62
8
 10
8.8283685406107
 20
3.4393441539757
  0
VERTEX
  8
1
  6
CONTINUOUS
 62
8
 10
8.8283685406107
 20
3.4283117613502
  0
VERTEX
  8
1
  6
CONTINUOUS
 62
8
 10
8.8283685406107
 20
3.4172793687248
  0
VERTEX
  8
1
  6
CONTINUOUS
 62
8
 10
8.8283685406107
 20
3.4066712988925
  0
VERTEX
  8
1
  6
CONTINUOUS
 62
8
 10
8.8287991572636
 20
3.3956389062671
  0
VERTEX
  8
1
  6
CONTINUOUS
 62
8
 10
8.8287991572636
 20
3.3846065136416
  0
VERTEX
  8
1
  6
CONTINUOUS
 62
8
 10
8.8292297739162
 20
3.3735741210162
  0
SEQEND
  0
POLYLINE
  8
1
  6
CONTINUOUS
 62
8
 70
0
 66
1
  0
VERTEX
  8
1
  6
CONTINUOUS
 62
8
 10
8.7491350764969
 20
3.2772528469399
  0
VERTEX
  8
1
  6
CONTINUOUS
 62
8
 10
9.0294665174647
 20
3.2768285241466
  0
VERTEX
  8
1
  6
CONTINUOUS
 62
8
 10
9.0294665174647
 20
2.7027197848291
  0
VERTEX
  8
1
  6
CONTINUOUS
 62
8
 10
9.029035900812
 20
2.6874441642708
  0
VERTEX
  8
1
  6
CONTINUOUS
 62
8
 10
9.0286052841592
 20
2.6725928665057
  0
VERTEX
  8
1
  6
CONTINUOUS
 62
8
 10
9.0277440508536
 20
2.6577415687406
  0
VERTEX
  8
1
  6
CONTINUOUS
 62
8
 10
9.026882817548
 20
2.6433145937688
  0
VERTEX
  8
1
  6
CONTINUOUS
 62
8
 10
9.0255909675896
 20
2.6293119415904
  0
VERTEX
  8
1
  6
CONTINUOUS
 62
8
 10
9.0242991176312
 20
2.6153092894118
  0
VERTEX
  8
1
  6
CONTINUOUS
 62
8
 10
9.02257665102
 20
2.6017309600267
  0
VERTEX
  8
1
  6
CONTINUOUS
 62
8
 10
9.0208541844089
 20
2.5885769534348
  0
VERTEX
  8
1
  6
CONTINUOUS
 62
8
 10
9.0187011011449
 20
2.5762715924294
  0
VERTEX
  8
1
  6
CONTINUOUS
 62
8
 10
9.0161174012282
 20
2.5643905542174
  0
VERTEX
  8
1
  6
CONTINUOUS
 62
8
 10
9.0131030846587
 20
2.5529338387987
  0
VERTEX
  8
1
  6
CONTINUOUS
 62
8
 10
9.0100887680891
 20
2.5423257689665
  0
VERTEX
  8
1
  6
CONTINUOUS
 62
8
 10
9.0066438348667
 20
2.5325663447208
  0
VERTEX
  8
1
  6
CONTINUOUS
 62
8
 10
9.0027682849916
 20
2.5236555660618
  0
VERTEX
  8
1
  6
CONTINUOUS
 62
8
 10
8.9984621184637
 20
2.5155934329895
  0
VERTEX
  8
1
  6
CONTINUOUS
 62
8
 10
8.9937253352831
 20
2.5083799455035
  0
VERTEX
  8
1
  6
CONTINUOUS
 62
8
 10
8.9756394358657
 20
2.5287474395814
  0
VERTEX
  8
1
  6
CONTINUOUS
 62
8
 10
8.9588453864068
 20
2.5499635792456
  0
VERTEX
  8
1
  6
CONTINUOUS
 62
8
 10
8.9424819536007
 20
2.5720283644967
  0
VERTEX
  8
1
  6
CONTINUOUS
 62
8
 10
8.9269797541002
 20
2.5940931497476
  0
VERTEX
  8
1
  6
CONTINUOUS
 62
8
 10
8.9123387879051
 20
2.617006580585
  0
VERTEX
  8
1
  6
CONTINUOUS
 62
8
 10
8.8985590550158
 20
2.6403443342159
  0
VERTEX
  8
1
  6
CONTINUOUS
 62
8
 10
8.8856405554321
 20
2.66410641064
  0
VERTEX
  8
1
  6
CONTINUOUS
 62
8
 10
8.8735832891539
 20
2.6882928098573
  0
VERTEX
  8
1
  6
CONTINUOUS
 62
8
 10
8.8619566395285
 20
2.7124792090746
  0
VERTEX
  8
1
  6
CONTINUOUS
 62
8
 10
8.8507606065559
 20
2.7375142538787
  0
VERTEX
  8
1
  6
CONTINUOUS
 62
8
 10
8.8408564235416
 20
2.7625492986825
  0
VERTEX
  8
1
  6
CONTINUOUS
 62
8
 10
8.8313828571802
 20
2.7875843434866
  0
VERTEX
  8
1
  6
CONTINUOUS
 62
8
 10
8.8223399074716
 20
2.8130437110838
  0
VERTEX
  8
1
  6
CONTINUOUS
 62
8
 10
8.8141581910684
 20
2.8385030786809
  0
VERTEX
  8
1
  6
CONTINUOUS
 62
8
 10
8.8064070913182
 20
2.8643867690715
  0
VERTEX
  8
1
  6
CONTINUOUS
 62
8
 10
8.7995172248735
 20
2.8898461366687
  0
VERTEX
  8
1
  6
CONTINUOUS
 62
8
 10
8.7930579750817
 20
2.9157298270593
  0
VERTEX
  8
1
  6
CONTINUOUS
 62
8
 10
8.7870293419426
 20
2.9416135174498
  0
VERTEX
  8
1
  6
CONTINUOUS
 62
8
 10
8.7814313254563
 20
2.9670728850469
  0
VERTEX
  8
1
  6
CONTINUOUS
 62
8
 10
8.7766945422757
 20
2.9925322526442
  0
VERTEX
  8
1
  6
CONTINUOUS
 62
8
 10
8.7719577590948
 20
3.0179916202415
  0
VERTEX
  8
1
  6
CONTINUOUS
 62
8
 10
8.7680822092197
 20
3.0434509878388
  0
VERTEX
  8
1
  6
CONTINUOUS
 62
8
 10
8.7646372759974
 20
3.0684860326426
  0
VERTEX
  8
1
  6
CONTINUOUS
 62
8
 10
8.7616229594279
 20
3.0930967546534
  0
VERTEX
  8
1
  6
CONTINUOUS
 62
8
 10
8.7586086428583
 20
3.117707476664
  0
VERTEX
  8
1
  6
CONTINUOUS
 62
8
 10
8.7564555595943
 20
3.1418938758813
  0
VERTEX
  8
1
  6
CONTINUOUS
 62
8
 10
8.7543024763303
 20
3.1656559523054
  0
VERTEX
  8
1
  6
CONTINUOUS
 62
8
 10
8.7525800097192
 20
3.1889937059363
  0
VERTEX
  8
1
  6
CONTINUOUS
 62
8
 10
8.7512881597609
 20
3.2119071367737
  0
VERTEX
  8
1
  6
CONTINUOUS
 62
8
 10
8.7504269264552
 20
3.2339719220246
  0
VERTEX
  8
1
  6
CONTINUOUS
 62
8
 10
8.7495656931496
 20
3.2560367072757
  0
VERTEX
  8
1
  6
CONTINUOUS
 62
8
 10
8.7491350764969
 20
3.2772528469399
  0
SEQEND
  0
POLYLINE
  8
1
  6
CONTINUOUS
 62
8
 70
0
 66
1
  0
VERTEX
  8
1
  6
CONTINUOUS
 62
8
 10
8.8352584070554
 20
3.2759798785601
  0
VERTEX
  8
1
  6
CONTINUOUS
 62
8
 10
8.8352584070554
 20
3.2539150933092
  0
VERTEX
  8
1
  6
CONTINUOUS
 62
8
 10
9.029035900812
 20
3.2513691565493
  0
VERTEX
  8
1
  6
CONTINUOUS
 62
8
 10
9.0277440508536
 20
3.2759798785601
  0
VERTEX
  8
1
  6
CONTINUOUS
 62
8
 10
8.8352584070554
 20
3.2759798785601
  0
SEQEND
  0
POLYLINE
  8
3
  6
CONTINUOUS
 62
8
 70
0
 66
1
  0
VERTEX
  8
3
  6
CONTINUOUS
 62
8
 10
8.7749720756643
 20
3.8068076929623
  0
VERTEX
  8
3
  6
CONTINUOUS
 62
8
 10
8.7659291259559
 20
3.7308539129639
  0
VERTEX
  8
3
  6
CONTINUOUS
 62
8
 10
8.7586086428583
 20
3.6578703925186
  0
VERTEX
  8
3
  6
CONTINUOUS
 62
8
 10
8.7530106263721
 20
3.5878571316261
  0
VERTEX
  8
3
  6
CONTINUOUS
 62
8
 10
8.7487044598441
 20
3.5199654847002
  0
VERTEX
  8
3
  6
CONTINUOUS
 62
8
 10
8.7461207599274
 20
3.4550440973272
  0
VERTEX
  8
3
  6
CONTINUOUS
 62
8
 10
8.7448289099689
 20
3.392668646714
  0
VERTEX
  8
3
  6
CONTINUOUS
 62
8
 10
8.7452595266218
 20
3.3328391328606
  0
VERTEX
  8
3
  6
CONTINUOUS
 62
8
 10
8.7465513765801
 20
3.2755555557669
  0
VERTEX
  8
3
  6
CONTINUOUS
 62
8
 10
8.7491350764969
 20
3.2203935926394
  0
VERTEX
  8
3
  6
CONTINUOUS
 62
8
 10
8.7530106263721
 20
3.1677775662719
  0
VERTEX
  8
3
  6
CONTINUOUS
 62
8
 10
8.7581780262054
 20
3.1172831538707
  0
VERTEX
  8
3
  6
CONTINUOUS
 62
8
 10
8.7637760426919
 20
3.0693346782293
  0
VERTEX
  8
3
  6
CONTINUOUS
 62
8
 10
8.7706659091365
 20
3.0235078165541
  0
VERTEX
  8
3
  6
CONTINUOUS
 62
8
 10
8.7784170088868
 20
2.9798025688456
  0
VERTEX
  8
3
  6
CONTINUOUS
 62
8
 10
8.7870293419426
 20
2.9386432578967
  0
VERTEX
  8
3
  6
CONTINUOUS
 62
8
 10
8.796502908304
 20
2.899181238121
  0
VERTEX
  8
3
  6
CONTINUOUS
 62
8
 10
8.8068377079711
 20
2.8614165095185
  0
VERTEX
  8
3
  6
CONTINUOUS
 62
8
 10
8.8176031242909
 20
2.8257733948823
  0
VERTEX
  8
3
  6
CONTINUOUS
 62
8
 10
8.8287991572636
 20
2.7922518942127
  0
VERTEX
  8
3
  6
CONTINUOUS
 62
8
 10
8.8404258068889
 20
2.7604276847161
  0
VERTEX
  8
3
  6
CONTINUOUS
 62
8
 10
8.8529136898199
 20
2.7307250891861
  0
VERTEX
  8
3
  6
CONTINUOUS
 62
8
 10
8.8654015727508
 20
2.7022954620359
  0
VERTEX
  8
3
  6
CONTINUOUS
 62
8
 10
8.8783200723346
 20
2.6759874488519
  0
VERTEX
  8
3
  6
CONTINUOUS
 62
8
 10
8.8912385719184
 20
2.6509524040481
  0
VERTEX
  8
3
  6
CONTINUOUS
 62
8
 10
8.9045876881549
 20
2.6280389732105
  0
VERTEX
  8
3
  6
CONTINUOUS
 62
8
 10
8.9179368043916
 20
2.6059741879596
  0
VERTEX
  8
3
  6
CONTINUOUS
 62
8
 10
8.9317165372809
 20
2.5860310166751
  0
VERTEX
  8
3
  6
CONTINUOUS
 62
8
 10
8.9450656535174
 20
2.5669364909771
  0
VERTEX
  8
3
  6
CONTINUOUS
 62
8
 10
8.9584147697541
 20
2.5499635792456
  0
VERTEX
  8
3
  6
CONTINUOUS
 62
8
 10
8.9713332693377
 20
2.5338393131008
  0
VERTEX
  8
3
  6
CONTINUOUS
 62
8
 10
8.9846823855744
 20
2.5189880153357
  0
VERTEX
  8
3
  6
CONTINUOUS
 62
8
 10
8.9971702685053
 20
2.5054096859506
  0
VERTEX
  8
3
  6
CONTINUOUS
 62
8
 10
9.0143949346171
 20
2.4472774632702
  0
VERTEX
  8
3
  6
CONTINUOUS
 62
8
 10
9.0191317177978
 20
2.4493990772366
  0
VERTEX
  8
3
  6
CONTINUOUS
 62
8
 10
9.0238685009785
 20
2.4523693367896
  0
VERTEX
  8
3
  6
CONTINUOUS
 62
8
 10
9.0281746675065
 20
2.4561882419292
  0
VERTEX
  8
3
  6
CONTINUOUS
 62
8
 10
9.0320502173816
 20
2.4608557926553
  0
VERTEX
  8
3
  6
CONTINUOUS
 62
8
 10
9.0354951506038
 20
2.4663719889681
  0
VERTEX
  8
3
  6
CONTINUOUS
 62
8
 10
9.0389400838263
 20
2.4727368308675
  0
VERTEX
  8
3
  6
CONTINUOUS
 62
8
 10
9.0423850170485
 20
2.47952599556
  0
VERTEX
  8
3
  6
CONTINUOUS
 62
8
 10
9.0449687169652
 20
2.4871638058393
  0
VERTEX
  8
3
  6
CONTINUOUS
 62
8
 10
9.0479830335348
 20
2.4948016161184
  0
VERTEX
  8
3
  6
CONTINUOUS
 62
8
 10
9.0501361167988
 20
2.5028637491909
  0
VERTEX
  8
3
  6
CONTINUOUS
 62
8
 10
9.0522892000628
 20
2.5109258822632
  0
VERTEX
  8
3
  6
CONTINUOUS
 62
8
 10
9.0544422833268
 20
2.5189880153357
  0
VERTEX
  8
3
  6
CONTINUOUS
 62
8
 10
9.0561647499379
 20
2.5274744712015
  0
VERTEX
  8
3
  6
CONTINUOUS
 62
8
 10
9.0574565998963
 20
2.535536604274
  0
VERTEX
  8
3
  6
CONTINUOUS
 62
8
 10
9.0587484498546
 20
2.5435987373463
  0
VERTEX
  8
3
  6
CONTINUOUS
 62
8
 10
9.060040299813
 20
2.5512365476256
  0
VERTEX
  8
3
  6
CONTINUOUS
 62
8
 10
9.0609015331186
 20
2.5851823710886
  0
VERTEX
  8
3
  6
CONTINUOUS
 62
8
 10
9.062193383077
 20
2.6187038717582
  0
VERTEX
  8
3
  6
CONTINUOUS
 62
8
 10
9.0630546163826
 20
2.6526496952213
  0
VERTEX
  8
3
  6
CONTINUOUS
 62
8
 10
9.0634852330355
 20
2.6865955186841
  0
VERTEX
  8
3
  6
CONTINUOUS
 62
8
 10
9.064346466341
 20
2.7205413421472
  0
VERTEX
  8
3
  6
CONTINUOUS
 62
8
 10
9.0647770829937
 20
2.7544871656102
  0
VERTEX
  8
3
  6
CONTINUOUS
 62
8
 10
9.0652076996466
 20
2.7880086662798
  0
VERTEX
  8
3
  6
CONTINUOUS
 62
8
 10
9.0652076996466
 20
2.8219544897428
  0
VERTEX
  8
3
  6
CONTINUOUS
 62
8
 10
9.0656383162993
 20
2.8559003132057
  0
VERTEX
  8
3
  6
CONTINUOUS
 62
8
 10
9.0656383162993
 20
2.8898461366687
  0
VERTEX
  8
3
  6
CONTINUOUS
 62
8
 10
9.0656383162993
 20
2.9237919601318
  0
VERTEX
  8
3
  6
CONTINUOUS
 62
8
 10
9.0656383162993
 20
2.9577377835946
  0
VERTEX
  8
3
  6
CONTINUOUS
 62
8
 10
9.0656383162993
 20
2.9916836070577
  0
VERTEX
  8
3
  6
CONTINUOUS
 62
8
 10
9.0656383162993
 20
3.0252051077273
  0
VERTEX
  8
3
  6
CONTINUOUS
 62
8
 10
9.0656383162993
 20
3.0591509311903
  0
VERTEX
  8
3
  6
CONTINUOUS
 62
8
 10
9.0652076996466
 20
3.0930967546534
  0
VERTEX
  8
3
  6
CONTINUOUS
 62
8
 10
9.0652076996466
 20
3.1270425781162
  0
VERTEX
  8
3
  6
CONTINUOUS
 62
8
 10
9.0647770829937
 20
3.1609884015793
  0
VERTEX
  8
3
  6
CONTINUOUS
 62
8
 10
9.0647770829937
 20
3.1949342250421
  0
VERTEX
  8
3
  6
CONTINUOUS
 62
8
 10
9.064346466341
 20
3.2288800485052
  0
VERTEX
  8
3
  6
CONTINUOUS
 62
8
 10
9.0639158496881
 20
3.2628258719682
  0
VERTEX
  8
3
  6
CONTINUOUS
 62
8
 10
9.0639158496881
 20
3.2967716954311
  0
VERTEX
  8
3
  6
CONTINUOUS
 62
8
 10
9.0634852330355
 20
3.3307175188941
  0
VERTEX
  8
3
  6
CONTINUOUS
 62
8
 10
9.0630546163826
 20
3.3646633423572
  0
VERTEX
  8
3
  6
CONTINUOUS
 62
8
 10
9.0630546163826
 20
3.39860916582
  0
VERTEX
  8
3
  6
CONTINUOUS
 62
8
 10
9.0626239997297
 20
3.4325549892831
  0
VERTEX
  8
3
  6
CONTINUOUS
 62
8
 10
9.0626239997297
 20
3.4665008127459
  0
VERTEX
  8
3
  6
CONTINUOUS
 62
8
 10
9.062193383077
 20
3.5000223134157
  0
VERTEX
  8
3
  6
CONTINUOUS
 62
8
 10
9.062193383077
 20
3.5339681368786
  0
VERTEX
  8
3
  6
CONTINUOUS
 62
8
 10
9.062193383077
 20
3.5679139603416
  0
VERTEX
  8
3
  6
CONTINUOUS
 62
8
 10
9.062193383077
 20
3.6018597838047
  0
VERTEX
  8
3
  6
CONTINUOUS
 62
8
 10
9.062193383077
 20
3.6358056072675
  0
VERTEX
  8
3
  6
CONTINUOUS
 62
8
 10
8.7749720756643
 20
3.8068076929623
  0
SEQEND
  0
POLYLINE
  8
5
  6
CONTINUOUS
 62
8
 70
0
 66
1
  0
VERTEX
  8
5
  6
CONTINUOUS
 62
8
 10
4.6846941851378
 20
4.6994683476857
  0
VERTEX
  8
5
  6
CONTINUOUS
 62
8
 10
4.7102975459259
 20
4.7200159330897
  0
VERTEX
  8
5
  6
CONTINUOUS
 62
8
 10
4.7359009067141
 20
4.7386955561839
  0
VERTEX
  8
5
  6
CONTINUOUS
 62
8
 10
4.7605898617598
 20
4.755507216969
  0
VERTEX
  8
5
  6
CONTINUOUS
 62
8
 10
4.784364411063
 20
4.7713848965991
  0
VERTEX
  8
5
  6
CONTINUOUS
 62
8
 10
4.8081389603663
 20
4.7863285950746
  0
VERTEX
  8
5
  6
CONTINUOUS
 62
8
 10
4.8309991039271
 20
4.7994043312406
  0
VERTEX
  8
5
  6
CONTINUOUS
 62
8
 10
4.8529448417455
 20
4.8106121050972
  0
VERTEX
  8
5
  6
CONTINUOUS
 62
8
 10
4.8758049853063
 20
4.8208858977993
  0
VERTEX
  8
5
  6
CONTINUOUS
 62
8
 10
4.8968363173823
 20
4.8302257093464
  0
VERTEX
  8
5
  6
CONTINUOUS
 62
8
 10
4.9178676494581
 20
4.8376975585842
  0
VERTEX
  8
5
  6
CONTINUOUS
 62
8
 10
4.9388989815341
 20
4.8442354266672
  0
VERTEX
  8
5
  6
CONTINUOUS
 62
8
 10
4.9599303136101
 20
4.8498393135954
  0
VERTEX
  8
5
  6
CONTINUOUS
 62
8
 10
4.9800472399435
 20
4.8535752382143
  0
VERTEX
  8
5
  6
CONTINUOUS
 62
8
 10
4.9992497605346
 20
4.8563771816786
  0
VERTEX
  8
5
  6
CONTINUOUS
 62
8
 10
5.0193666868682
 20
4.8582451439879
  0
VERTEX
  8
5
  6
CONTINUOUS
 62
8
 10
5.0385692074592
 20
4.8582451439879
  0
VERTEX
  8
5
  6
CONTINUOUS
 62
8
 10
5.0577717280503
 20
4.8573111628331
  0
VERTEX
  8
5
  6
CONTINUOUS
 62
8
 10
5.0778886543839
 20
4.8554432005238
  0
VERTEX
  8
5
  6
CONTINUOUS
 62
8
 10
5.0980055807173
 20
4.8526412570597
  0
VERTEX
  8
5
  6
CONTINUOUS
 62
8
 10
5.118122507051
 20
4.8489053324408
  0
VERTEX
  8
5
  6
CONTINUOUS
 62
8
 10
5.1391538391268
 20
4.8433014455124
  0
VERTEX
  8
5
  6
CONTINUOUS
 62
8
 10
5.1601851712028
 20
4.8367635774294
  0
VERTEX
  8
5
  6
CONTINUOUS
 62
8
 10
5.1821309090212
 20
4.8292917281916
  0
VERTEX
  8
5
  6
CONTINUOUS
 62
8
 10
5.204991052582
 20
4.8208858977993
  0
VERTEX
  8
5
  6
CONTINUOUS
 62
8
 10
5.2278511961427
 20
4.8096781239426
  0
VERTEX
  8
5
  6
CONTINUOUS
 62
8
 10
5.2507113397035
 20
4.798470350086
  0
VERTEX
  8
5
  6
CONTINUOUS
 62
8
 10
5.2744858890069
 20
4.7853946139198
  0
VERTEX
  8
5
  6
CONTINUOUS
 62
8
 10
5.2991748440526
 20
4.7713848965991
  0
VERTEX
  8
5
  6
CONTINUOUS
 62
8
 10
5.3238637990982
 20
4.755507216969
  0
VERTEX
  8
5
  6
CONTINUOUS
 62
8
 10
5.3494671598863
 20
4.7377615750293
  0
VERTEX
  8
5
  6
CONTINUOUS
 62
8
 10
5.3759849264168
 20
4.7190819519349
  0
VERTEX
  8
5
  6
CONTINUOUS
 62
8
 10
5.4025026929473
 20
4.6985343665312
  0
VERTEX
  8
5
  6
CONTINUOUS
 62
8
 10
5.4052459101747
 20
4.5976644018215
  0
VERTEX
  8
5
  6
CONTINUOUS
 62
8
 10
5.4070747216596
 20
4.493058512493
  0
VERTEX
  8
5
  6
CONTINUOUS
 62
8
 10
5.407989127402
 20
4.3856506797004
  0
VERTEX
  8
5
  6
CONTINUOUS
 62
8
 10
5.407989127402
 20
4.2754409034437
  0
VERTEX
  8
5
  6
CONTINUOUS
 62
8
 10
5.4061603159172
 20
4.1642971460322
  0
VERTEX
  8
5
  6
CONTINUOUS
 62
8
 10
5.4025026929473
 20
4.0522194074662
  0
VERTEX
  8
5
  6
CONTINUOUS
 62
8
 10
5.3961018527504
 20
3.9401416688999
  0
VERTEX
  8
5
  6
CONTINUOUS
 62
8
 10
5.386957795326
 20
3.8271299491791
  0
VERTEX
  8
5
  6
CONTINUOUS
 62
8
 10
5.3668408689926
 20
3.7916386652998
  0
VERTEX
  8
5
  6
CONTINUOUS
 62
8
 10
5.3458095369166
 20
3.7589493248846
  0
VERTEX
  8
5
  6
CONTINUOUS
 62
8
 10
5.3247782048407
 20
3.7271939656242
  0
VERTEX
  8
5
  6
CONTINUOUS
 62
8
 10
5.3037468727647
 20
3.6991745309825
  0
VERTEX
  8
5
  6
CONTINUOUS
 62
8
 10
5.2827155406887
 20
3.6730230586505
  0
VERTEX
  8
5
  6
CONTINUOUS
 62
8
 10
5.2607698028703
 20
3.6487395486279
  0
VERTEX
  8
5
  6
CONTINUOUS
 62
8
 10
5.2397384707943
 20
3.6272579820694
  0
VERTEX
  8
5
  6
CONTINUOUS
 62
8
 10
5.2177927329761
 20
3.6076443778202
  0
VERTEX
  8
5
  6
CONTINUOUS
 62
8
 10
5.1967614009001
 20
3.5908327170353
  0
VERTEX
  8
5
  6
CONTINUOUS
 62
8
 10
5.1748156630817
 20
3.5758890185598
  0
VERTEX
  8
5
  6
CONTINUOUS
 62
8
 10
5.1528699252633
 20
3.5628132823938
  0
VERTEX
  8
5
  6
CONTINUOUS
 62
8
 10
5.1309241874449
 20
3.5525394896919
  0
VERTEX
  8
5
  6
CONTINUOUS
 62
8
 10
5.1089784496265
 20
3.5450676404542
  0
VERTEX
  8
5
  6
CONTINUOUS
 62
8
 10
5.0870327118081
 20
3.538529772371
  0
VERTEX
  8
5
  6
CONTINUOUS
 62
8
 10
5.0650869739898
 20
3.5357278289069
  0
VERTEX
  8
5
  6
CONTINUOUS
 62
8
 10
5.0431412361714
 20
3.5347938477521
  0
VERTEX
  8
5
  6
CONTINUOUS
 62
8
 10
5.021195498353
 20
3.5357278289069
  0
VERTEX
  8
5
  6
CONTINUOUS
 62
8
 10
4.9992497605346
 20
3.538529772371
  0
VERTEX
  8
5
  6
CONTINUOUS
 62
8
 10
4.9773040227162
 20
3.5450676404542
  0
VERTEX
  8
5
  6
CONTINUOUS
 62
8
 10
4.955358284898
 20
3.5525394896919
  0
VERTEX
  8
5
  6
CONTINUOUS
 62
8
 10
4.9334125470796
 20
3.5628132823938
  0
VERTEX
  8
5
  6
CONTINUOUS
 62
8
 10
4.9114668092612
 20
3.5758890185598
  0
VERTEX
  8
5
  6
CONTINUOUS
 62
8
 10
4.8895210714428
 20
3.5908327170353
  0
VERTEX
  8
5
  6
CONTINUOUS
 62
8
 10
4.8684897393668
 20
3.6076443778202
  0
VERTEX
  8
5
  6
CONTINUOUS
 62
8
 10
4.8465440015484
 20
3.6272579820694
  0
VERTEX
  8
5
  6
CONTINUOUS
 62
8
 10
4.8255126694724
 20
3.6487395486279
  0
VERTEX
  8
5
  6
CONTINUOUS
 62
8
 10
4.8044813373966
 20
3.6730230586505
  0
VERTEX
  8
5
  6
CONTINUOUS
 62
8
 10
4.7834500053206
 20
3.6991745309825
  0
VERTEX
  8
5
  6
CONTINUOUS
 62
8
 10
4.7633330789871
 20
3.7271939656242
  0
VERTEX
  8
5
  6
CONTINUOUS
 62
8
 10
4.7423017469111
 20
3.7589493248846
  0
VERTEX
  8
5
  6
CONTINUOUS
 62
8
 10
4.7221848205777
 20
3.7916386652998
  0
VERTEX
  8
5
  6
CONTINUOUS
 62
8
 10
4.7020678942441
 20
3.8271299491791
  0
VERTEX
  8
5
  6
CONTINUOUS
 62
8
 10
4.6947526483046
 20
3.936405744281
  0
VERTEX
  8
5
  6
CONTINUOUS
 62
8
 10
4.6874374023652
 20
4.0466155205377
  0
VERTEX
  8
5
  6
CONTINUOUS
 62
8
 10
4.6819509679106
 20
4.158693259104
  0
VERTEX
  8
5
  6
CONTINUOUS
 62
8
 10
4.6782933449409
 20
4.2707709976703
  0
VERTEX
  8
5
  6
CONTINUOUS
 62
8
 10
4.676464533456
 20
4.3819147550816
  0
VERTEX
  8
5
  6
CONTINUOUS
 62
8
 10
4.6773789391983
 20
4.4911905501837
  0
VERTEX
  8
5
  6
CONTINUOUS
 62
8
 10
4.6792077506833
 20
4.5967304206668
  0
VERTEX
  8
5
  6
CONTINUOUS
 62
8
 10
4.6846941851378
 20
4.6994683476857
  0
SEQEND
  0
POLYLINE
  8
5
  6
CONTINUOUS
 62
8
 70
0
 66
1
  0
VERTEX
  8
5
  6
CONTINUOUS
 62
8
 10
4.7020678942441
 20
4.3389516219645
  0
VERTEX
  8
5
  6
CONTINUOUS
 62
8
 10
5.3860433895836
 20
4.3398856031193
  0
VERTEX
  8
5
  6
CONTINUOUS
 62
8
 10
5.386957795326
 20
4.2651671107418
  0
VERTEX
  8
5
  6
CONTINUOUS
 62
8
 10
5.3851289838412
 20
4.1960525052926
  0
VERTEX
  8
5
  6
CONTINUOUS
 62
8
 10
5.3805569551291
 20
4.1325417867718
  0
VERTEX
  8
5
  6
CONTINUOUS
 62
8
 10
5.3723273034471
 20
4.0737009740247
  0
VERTEX
  8
5
  6
CONTINUOUS
 62
8
 10
5.3613544345379
 20
4.019530067051
  0
VERTEX
  8
5
  6
CONTINUOUS
 62
8
 10
5.3476383484015
 20
3.9690950846962
  0
VERTEX
  8
5
  6
CONTINUOUS
 62
8
 10
5.33209345078
 20
3.9223960269603
  0
VERTEX
  8
5
  6
CONTINUOUS
 62
8
 10
5.3138053359315
 20
3.8794328938432
  0
VERTEX
  8
5
  6
CONTINUOUS
 62
8
 10
5.2946028153403
 20
3.8392717041903
  0
VERTEX
  8
5
  6
CONTINUOUS
 62
8
 10
5.2726570775219
 20
3.8019124580017
  0
VERTEX
  8
5
  6
CONTINUOUS
 62
8
 10
5.2488825282187
 20
3.7682891364317
  0
VERTEX
  8
5
  6
CONTINUOUS
 62
8
 10
5.2251079789154
 20
3.7355997960166
  0
VERTEX
  8
5
  6
CONTINUOUS
 62
8
 10
5.1995046181275
 20
3.7057123990657
  0
VERTEX
  8
5
  6
CONTINUOUS
 62
8
 10
5.1720724458544
 20
3.6767589832694
  0
VERTEX
  8
5
  6
CONTINUOUS
 62
8
 10
5.1455546793239
 20
3.6496735297825
  0
VERTEX
  8
5
  6
CONTINUOUS
 62
8
 10
5.1172081013084
 20
3.6235220574505
  0
VERTEX
  8
5
  6
CONTINUOUS
 62
8
 10
5.1007487979447
 20
3.6104463212843
  0
VERTEX
  8
5
  6
CONTINUOUS
 62
8
 10
5.0833750888384
 20
3.6011065097372
  0
VERTEX
  8
5
  6
CONTINUOUS
 62
8
 10
5.0660013797323
 20
3.5945686416542
  0
VERTEX
  8
5
  6
CONTINUOUS
 62
8
 10
5.0477132648837
 20
3.5917666981901
  0
VERTEX
  8
5
  6
CONTINUOUS
 62
8
 10
5.0303395557774
 20
3.5927006793447
  0
VERTEX
  8
5
  6
CONTINUOUS
 62
8
 10
5.0129658466711
 20
3.5964366039636
  0
VERTEX
  8
5
  6
CONTINUOUS
 62
8
 10
4.9974209490498
 20
3.6029744720466
  0
VERTEX
  8
5
  6
CONTINUOUS
 62
8
 10
4.9837048629133
 20
3.6123142835939
  0
VERTEX
  8
5
  6
CONTINUOUS
 62
8
 10
4.9654167480646
 20
3.6291259443787
  0
VERTEX
  8
5
  6
CONTINUOUS
 62
8
 10
4.9443854159888
 20
3.6478055674731
  0
VERTEX
  8
5
  6
CONTINUOUS
 62
8
 10
4.9224396781704
 20
3.6674191717221
  0
VERTEX
  8
5
  6
CONTINUOUS
 62
8
 10
4.898665128867
 20
3.6889007382806
  0
VERTEX
  8
5
  6
CONTINUOUS
 62
8
 10
4.8748905795639
 20
3.7141182294581
  0
VERTEX
  8
5
  6
CONTINUOUS
 62
8
 10
4.8511160302605
 20
3.7421376640996
  0
VERTEX
  8
5
  6
CONTINUOUS
 62
8
 10
4.8273414809574
 20
3.7738930233602
  0
VERTEX
  8
5
  6
CONTINUOUS
 62
8
 10
4.8044813373966
 20
3.810318288394
  0
VERTEX
  8
5
  6
CONTINUOUS
 62
8
 10
4.7825355995782
 20
3.8523474403565
  0
VERTEX
  8
5
  6
CONTINUOUS
 62
8
 10
4.7624186732446
 20
3.899980479247
  0
VERTEX
  8
5
  6
CONTINUOUS
 62
8
 10
4.7441305583959
 20
3.9541513862207
  0
VERTEX
  8
5
  6
CONTINUOUS
 62
8
 10
4.7285856607746
 20
4.0148601612774
  0
VERTEX
  8
5
  6
CONTINUOUS
 62
8
 10
4.716698386123
 20
4.0830407855718
  0
VERTEX
  8
5
  6
CONTINUOUS
 62
8
 10
4.7075543286988
 20
4.1596272402588
  0
VERTEX
  8
5
  6
CONTINUOUS
 62
8
 10
4.7029822999865
 20
4.2446195253381
  0
VERTEX
  8
5
  6
CONTINUOUS
 62
8
 10
4.7020678942441
 20
4.3389516219645
  0
SEQEND
  0
POLYLINE
  8
5
  6
CONTINUOUS
 62
8
 70
0
 66
1
  0
VERTEX
  8
5
  6
CONTINUOUS
 62
8
 10
6.4705286001085
 20
3.4918307146353
  0
VERTEX
  8
5
  6
CONTINUOUS
 62
8
 10
6.4056057923959
 20
3.4918307146353
  0
VERTEX
  8
5
  6
CONTINUOUS
 62
8
 10
6.4056057923959
 20
3.4367258265068
  0
VERTEX
  8
5
  6
CONTINUOUS
 62
8
 10
3.6724470282651
 20
3.4367258265068
  0
VERTEX
  8
5
  6
CONTINUOUS
 62
8
 10
3.6724470282651
 20
3.4918307146353
  0
VERTEX
  8
5
  6
CONTINUOUS
 62
8
 10
3.6130106550071
 20
3.4918307146353
  0
VERTEX
  8
5
  6
CONTINUOUS
 62
8
 10
3.6660461880681
 20
3.3012985590727
  0
VERTEX
  8
5
  6
CONTINUOUS
 62
8
 10
3.6697038110378
 20
3.2854208794424
  0
VERTEX
  8
5
  6
CONTINUOUS
 62
8
 10
3.6761046512349
 20
3.2723451432764
  0
VERTEX
  8
5
  6
CONTINUOUS
 62
8
 10
3.6843343029167
 20
3.2611373694198
  0
VERTEX
  8
5
  6
CONTINUOUS
 62
8
 10
3.6943927660835
 20
3.2527315390272
  0
VERTEX
  8
5
  6
CONTINUOUS
 62
8
 10
3.7044512292502
 20
3.2461936709442
  0
VERTEX
  8
5
  6
CONTINUOUS
 62
8
 10
3.7154240981594
 20
3.240589784016
  0
VERTEX
  8
5
  6
CONTINUOUS
 62
8
 10
3.7263969670686
 20
3.2377878405519
  0
VERTEX
  8
5
  6
CONTINUOUS
 62
8
 10
3.735541024493
 20
3.2368538593971
  0
VERTEX
  8
5
  6
CONTINUOUS
 62
8
 10
6.3415973904255
 20
3.2368538593971
  0
VERTEX
  8
5
  6
CONTINUOUS
 62
8
 10
6.3516558535923
 20
3.2387218217065
  0
VERTEX
  8
5
  6
CONTINUOUS
 62
8
 10
6.3626287225015
 20
3.2396558028612
  0
VERTEX
  8
5
  6
CONTINUOUS
 62
8
 10
6.3745159971531
 20
3.240589784016
  0
VERTEX
  8
5
  6
CONTINUOUS
 62
8
 10
6.3854888660623
 20
3.2424577463253
  0
VERTEX
  8
5
  6
CONTINUOUS
 62
8
 10
6.3955473292291
 20
3.247127652099
  0
VERTEX
  8
5
  6
CONTINUOUS
 62
8
 10
6.4056057923959
 20
3.2555334824915
  0
VERTEX
  8
5
  6
CONTINUOUS
 62
8
 10
6.4138354440778
 20
3.2695431998123
  0
VERTEX
  8
5
  6
CONTINUOUS
 62
8
 10
6.4202362842748
 20
3.290090785216
  0
VERTEX
  8
5
  6
CONTINUOUS
 62
8
 10
6.4705286001085
 20
3.4918307146353
  0
SEQEND
  0
POLYLINE
  8
5
  6
CONTINUOUS
 62
8
 70
0
 66
1
  0
VERTEX
  8
5
  6
CONTINUOUS
 62
8
 10
4.900493940352
 20
3.6898347194354
  0
VERTEX
  8
5
  6
CONTINUOUS
 62
8
 10
5.1784732860515
 20
3.6898347194354
  0
VERTEX
  8
5
  6
CONTINUOUS
 62
8
 10
5.1610995769452
 20
3.6720890774958
  0
VERTEX
  8
5
  6
CONTINUOUS
 62
8
 10
5.1464690850662
 20
3.6562113978655
  0
VERTEX
  8
5
  6
CONTINUOUS
 62
8
 10
5.1318385931873
 20
3.6403337182354
  0
VERTEX
  8
5
  6
CONTINUOUS
 62
8
 10
5.1172081013084
 20
3.6272579820694
  0
VERTEX
  8
5
  6
CONTINUOUS
 62
8
 10
5.1016632036871
 20
3.615116227058
  0
VERTEX
  8
5
  6
CONTINUOUS
 62
8
 10
5.0852039003234
 20
3.6048424343561
  0
VERTEX
  8
5
  6
CONTINUOUS
 62
8
 10
5.0660013797323
 20
3.5964366039636
  0
VERTEX
  8
5
  6
CONTINUOUS
 62
8
 10
5.0431412361714
 20
3.5908327170353
  0
VERTEX
  8
5
  6
CONTINUOUS
 62
8
 10
5.0221099040955
 20
3.5927006793447
  0
VERTEX
  8
5
  6
CONTINUOUS
 62
8
 10
5.0019929777619
 20
3.5992385474277
  0
VERTEX
  8
5
  6
CONTINUOUS
 62
8
 10
4.9846192686558
 20
3.608578358975
  0
VERTEX
  8
5
  6
CONTINUOUS
 62
8
 10
4.9672455595496
 20
3.621654095141
  0
VERTEX
  8
5
  6
CONTINUOUS
 62
8
 10
4.9507862561857
 20
3.6365977936165
  0
VERTEX
  8
5
  6
CONTINUOUS
 62
8
 10
4.934326952822
 20
3.6534094544014
  0
VERTEX
  8
5
  6
CONTINUOUS
 62
8
 10
4.9178676494581
 20
3.671155096341
  0
VERTEX
  8
5
  6
CONTINUOUS
 62
8
 10
4.900493940352
 20
3.6898347194354
  0
SEQEND
  0
POLYLINE
  8
5
  6
CONTINUOUS
 62
8
 70
0
 66
1
  0
VERTEX
  8
5
  6
CONTINUOUS
 62
8
 10
4.7880220340327
 20
5.938861339997
  0
VERTEX
  8
5
  6
CONTINUOUS
 62
8
 10
5.3019180612798
 20
5.9379273588422
  0
VERTEX
  8
5
  6
CONTINUOUS
 62
8
 10
5.3147197416739
 20
5.8660108099289
  0
VERTEX
  8
5
  6
CONTINUOUS
 62
8
 10
5.3266070163255
 20
5.7866224117778
  0
VERTEX
  8
5
  6
CONTINUOUS
 62
8
 10
5.3384942909771
 20
5.7016301266985
  0
VERTEX
  8
5
  6
CONTINUOUS
 62
8
 10
5.3494671598863
 20
5.613835898155
  0
VERTEX
  8
5
  6
CONTINUOUS
 62
8
 10
5.3604400287955
 20
5.5241737073021
  0
VERTEX
  8
5
  6
CONTINUOUS
 62
8
 10
5.3704984919623
 20
5.4335775352943
  0
VERTEX
  8
5
  6
CONTINUOUS
 62
8
 10
5.3805569551291
 20
5.3448493255961
  0
VERTEX
  8
5
  6
CONTINUOUS
 62
8
 10
5.388786606811
 20
5.2589230593621
  0
VERTEX
  8
5
  6
CONTINUOUS
 62
8
 10
4.6984102712743
 20
5.2589230593621
  0
VERTEX
  8
5
  6
CONTINUOUS
 62
8
 10
4.7075543286988
 20
5.3467172879055
  0
VERTEX
  8
5
  6
CONTINUOUS
 62
8
 10
4.716698386123
 20
5.4326435541396
  0
VERTEX
  8
5
  6
CONTINUOUS
 62
8
 10
4.7267568492898
 20
5.5176358392191
  0
VERTEX
  8
5
  6
CONTINUOUS
 62
8
 10
4.737729718199
 20
5.6026281242984
  0
VERTEX
  8
5
  6
CONTINUOUS
 62
8
 10
4.7496169928506
 20
5.6866864282229
  0
VERTEX
  8
5
  6
CONTINUOUS
 62
8
 10
4.7615042675022
 20
5.7698107509929
  0
VERTEX
  8
5
  6
CONTINUOUS
 62
8
 10
4.7743059478963
 20
5.8538690549175
  0
VERTEX
  8
5
  6
CONTINUOUS
 62
8
 10
4.7880220340327
 20
5.938861339997
  0
SEQEND
  0
POLYLINE
  8
5
  6
CONTINUOUS
 62
8
 70
0
 66
1
  0
VERTEX
  8
5
  6
CONTINUOUS
 62
8
 10
4.9626735308374
 20
5.9491351326989
  0
VERTEX
  8
5
  6
CONTINUOUS
 62
8
 10
4.9517006619282
 20
5.9528710573177
  0
VERTEX
  8
5
  6
CONTINUOUS
 62
8
 10
4.9434710102462
 20
5.9612768877101
  0
VERTEX
  8
5
  6
CONTINUOUS
 62
8
 10
4.9398133872765
 20
5.9752866050308
  0
VERTEX
  8
5
  6
CONTINUOUS
 62
8
 10
4.9379845757917
 20
5.9930322469707
  0
VERTEX
  8
5
  6
CONTINUOUS
 62
8
 10
4.9398133872765
 20
6.0145138135292
  0
VERTEX
  8
5
  6
CONTINUOUS
 62
8
 10
4.9434710102462
 20
6.0387973235518
  0
VERTEX
  8
5
  6
CONTINUOUS
 62
8
 10
4.9498718504433
 20
6.0640148147292
  0
VERTEX
  8
5
  6
CONTINUOUS
 62
8
 10
4.9571870963828
 20
6.091100268216
  0
VERTEX
  8
5
  6
CONTINUOUS
 62
8
 10
4.9663311538072
 20
6.1181857217027
  0
VERTEX
  8
5
  6
CONTINUOUS
 62
8
 10
4.9763896169738
 20
6.1452711751897
  0
VERTEX
  8
5
  6
CONTINUOUS
 62
8
 10
4.987362485883
 20
6.1714226475218
  0
VERTEX
  8
5
  6
CONTINUOUS
 62
8
 10
4.9992497605346
 20
6.1947721763897
  0
VERTEX
  8
5
  6
CONTINUOUS
 62
8
 10
5.0102226294438
 20
6.2162537429482
  0
VERTEX
  8
5
  6
CONTINUOUS
 62
8
 10
5.0221099040955
 20
6.2339993848879
  0
VERTEX
  8
5
  6
CONTINUOUS
 62
8
 10
5.0330827730047
 20
6.2480091022086
  0
VERTEX
  8
5
  6
CONTINUOUS
 62
8
 10
5.0431412361714
 20
6.2564149326011
  0
VERTEX
  8
5
  6
CONTINUOUS
 62
8
 10
5.0513708878532
 20
6.2470751210538
  0
VERTEX
  8
5
  6
CONTINUOUS
 62
8
 10
5.0605149452776
 20
6.2339993848879
  0
VERTEX
  8
5
  6
CONTINUOUS
 62
8
 10
5.0705734084444
 20
6.2162537429482
  0
VERTEX
  8
5
  6
CONTINUOUS
 62
8
 10
5.0815462773536
 20
6.1947721763897
  0
VERTEX
  8
5
  6
CONTINUOUS
 62
8
 10
5.0925191462628
 20
6.1714226475218
  0
VERTEX
  8
5
  6
CONTINUOUS
 62
8
 10
5.1044064209144
 20
6.1452711751897
  0
VERTEX
  8
5
  6
CONTINUOUS
 62
8
 10
5.1144648840812
 20
6.1191197028575
  0
VERTEX
  8
5
  6
CONTINUOUS
 62
8
 10
5.1245233472479
 20
6.0920342493707
  0
VERTEX
  8
5
  6
CONTINUOUS
 62
8
 10
5.1336674046723
 20
6.0649487958838
  0
VERTEX
  8
5
  6
CONTINUOUS
 62
8
 10
5.1400682448694
 20
6.0387973235518
  0
VERTEX
  8
5
  6
CONTINUOUS
 62
8
 10
5.1455546793239
 20
6.0154477946838
  0
VERTEX
  8
5
  6
CONTINUOUS
 62
8
 10
5.1482978965512
 20
5.9939662281252
  0
VERTEX
  8
5
  6
CONTINUOUS
 62
8
 10
5.1482978965512
 20
5.9762205861856
  0
VERTEX
  8
5
  6
CONTINUOUS
 62
8
 10
5.1455546793239
 20
5.9622108688648
  0
VERTEX
  8
5
  6
CONTINUOUS
 62
8
 10
5.1382394333844
 20
5.9528710573177
  0
VERTEX
  8
5
  6
CONTINUOUS
 62
8
 10
5.1281809702176
 20
5.9491351326989
  0
VERTEX
  8
5
  6
CONTINUOUS
 62
8
 10
4.9626735308374
 20
5.9491351326989
  0
SEQEND
  0
POLYLINE
  8
5
  6
CONTINUOUS
 62
8
 70
0
 66
1
  0
VERTEX
  8
5
  6
CONTINUOUS
 62
8
 10
4.7669907019569
 20
5.8239816579666
  0
VERTEX
  8
5
  6
CONTINUOUS
 62
8
 10
4.7669907019569
 20
5.8155758275741
  0
VERTEX
  8
5
  6
CONTINUOUS
 62
8
 10
4.7633330789871
 20
5.8071699971817
  0
VERTEX
  8
5
  6
CONTINUOUS
 62
8
 10
4.7569322387901
 20
5.7968962044797
  0
VERTEX
  8
5
  6
CONTINUOUS
 62
8
 10
4.7468737756233
 20
5.7866224117778
  0
VERTEX
  8
5
  6
CONTINUOUS
 62
8
 10
4.7340720952293
 20
5.7754146379211
  0
VERTEX
  8
5
  6
CONTINUOUS
 62
8
 10
4.718527197608
 20
5.7651408452193
  0
VERTEX
  8
5
  6
CONTINUOUS
 62
8
 10
4.7002390827593
 20
5.7548670525174
  0
VERTEX
  8
5
  6
CONTINUOUS
 62
8
 10
4.6801221564257
 20
5.7445932598155
  0
VERTEX
  8
5
  6
CONTINUOUS
 62
8
 10
4.6572620128649
 20
5.7352534482684
  0
VERTEX
  8
5
  6
CONTINUOUS
 62
8
 10
4.6334874635617
 20
5.7259136367211
  0
VERTEX
  8
5
  6
CONTINUOUS
 62
8
 10
4.6078841027736
 20
5.7184417874833
  0
VERTEX
  8
5
  6
CONTINUOUS
 62
8
 10
4.5813663362429
 20
5.7128379005551
  0
VERTEX
  8
5
  6
CONTINUOUS
 62
8
 10
4.5530197582276
 20
5.7081679947815
  0
VERTEX
  8
5
  6
CONTINUOUS
 62
8
 10
4.5246731802122
 20
5.7053660513174
  0
VERTEX
  8
5
  6
CONTINUOUS
 62
8
 10
4.4954121964543
 20
5.7044320701626
  0
VERTEX
  8
5
  6
CONTINUOUS
 62
8
 10
4.4652368069541
 20
5.7063000324721
  0
VERTEX
  8
5
  6
CONTINUOUS
 62
8
 10
4.4634079954693
 20
5.2579890782073
  0
VERTEX
  8
5
  6
CONTINUOUS
 62
8
 10
3.77577487716
 20
5.3653969109999
  0
VERTEX
  8
5
  6
CONTINUOUS
 62
8
 10
3.735541024493
 20
5.0646549791806
  0
VERTEX
  8
5
  6
CONTINUOUS
 62
8
 10
3.7446850819172
 20
5.0609190545617
  0
VERTEX
  8
5
  6
CONTINUOUS
 62
8
 10
3.7510859221143
 20
5.0581171110976
  0
VERTEX
  8
5
  6
CONTINUOUS
 62
8
 10
3.7565723565688
 20
5.0553151676335
  0
VERTEX
  8
5
  6
CONTINUOUS
 62
8
 10
3.7611443852811
 20
5.0525132241694
  0
VERTEX
  8
5
  6
CONTINUOUS
 62
8
 10
3.7657164139932
 20
5.0487772995505
  0
VERTEX
  8
5
  6
CONTINUOUS
 62
8
 10
3.7702884427053
 20
5.0441073937768
  0
VERTEX
  8
5
  6
CONTINUOUS
 62
8
 10
3.7766892829024
 20
5.0385035068486
  0
VERTEX
  8
5
  6
CONTINUOUS
 62
8
 10
3.7849189345843
 20
5.0310316576109
  0
VERTEX
  8
5
  6
CONTINUOUS
 62
8
 10
3.8123511068574
 20
4.9992762983505
  0
VERTEX
  8
5
  6
CONTINUOUS
 62
8
 10
3.8397832791303
 20
4.9665869579353
  0
VERTEX
  8
5
  6
CONTINUOUS
 62
8
 10
3.8672154514032
 20
4.9348315986749
  0
VERTEX
  8
5
  6
CONTINUOUS
 62
8
 10
3.8937332179338
 20
4.9021422582597
  0
VERTEX
  8
5
  6
CONTINUOUS
 62
8
 10
3.9211653902067
 20
4.8685189366898
  0
VERTEX
  8
5
  6
CONTINUOUS
 62
8
 10
3.9485975624796
 20
4.8358295962746
  0
VERTEX
  8
5
  6
CONTINUOUS
 62
8
 10
3.9760297347527
 20
4.8031402558596
  0
VERTEX
  8
5
  6
CONTINUOUS
 62
8
 10
4.0034619070256
 20
4.7695169342897
  0
VERTEX
  8
5
  6
CONTINUOUS
 62
8
 10
4.0308940792987
 20
4.7358936127198
  0
VERTEX
  8
5
  6
CONTINUOUS
 62
8
 10
4.0583262515716
 20
4.70227029115
  0
VERTEX
  8
5
  6
CONTINUOUS
 62
8
 10
4.0857584238447
 20
4.6686469695801
  0
VERTEX
  8
5
  6
CONTINUOUS
 62
8
 10
4.1131905961176
 20
4.6350236480104
  0
VERTEX
  8
5
  6
CONTINUOUS
 62
8
 10
4.1406227683905
 20
4.6014003264404
  0
VERTEX
  8
5
  6
CONTINUOUS
 62
8
 10
4.1680549406636
 20
4.5677770048705
  0
VERTEX
  8
5
  6
CONTINUOUS
 62
8
 10
4.1954871129365
 20
4.5341536833007
  0
VERTEX
  8
5
  6
CONTINUOUS
 62
8
 10
4.2229192852096
 20
4.5005303617308
  0
VERTEX
  8
5
  6
CONTINUOUS
 62
8
 10
4.2503514574824
 20
4.4659730590063
  0
VERTEX
  8
5
  6
CONTINUOUS
 62
8
 10
4.2777836297553
 20
4.4323497374364
  0
VERTEX
  8
5
  6
CONTINUOUS
 62
8
 10
4.3052158020284
 20
4.3987264158666
  0
VERTEX
  8
5
  6
CONTINUOUS
 62
8
 10
4.3326479743013
 20
4.3651030942967
  0
VERTEX
  8
5
  6
CONTINUOUS
 62
8
 10
4.3600801465744
 20
4.3314797727269
  0
VERTEX
  8
5
  6
CONTINUOUS
 62
8
 10
4.3875123188473
 20
4.297856451157
  0
VERTEX
  8
5
  6
CONTINUOUS
 62
8
 10
4.4149444911202
 20
4.2642331295871
  0
VERTEX
  8
5
  6
CONTINUOUS
 62
8
 10
4.4423766633933
 20
4.2306098080173
  0
VERTEX
  8
5
  6
CONTINUOUS
 62
8
 10
4.4698088356662
 20
4.1969864864474
  0
VERTEX
  8
5
  6
CONTINUOUS
 62
8
 10
4.4972410079393
 20
4.1642971460322
  0
VERTEX
  8
5
  6
CONTINUOUS
 62
8
 10
4.5246731802122
 20
4.1316078056171
  0
VERTEX
  8
5
  6
CONTINUOUS
 62
8
 10
4.5521053524853
 20
4.0979844840473
  0
VERTEX
  8
5
  6
CONTINUOUS
 62
8
 10
4.5786231190158
 20
4.0652951436322
  0
VERTEX
  8
5
  6
CONTINUOUS
 62
8
 10
4.6060552912887
 20
4.0335397843718
  0
VERTEX
  8
5
  6
CONTINUOUS
 62
8
 10
4.6334874635617
 20
4.0008504439566
  0
VERTEX
  8
5
  6
CONTINUOUS
 62
8
 10
4.6609196358346
 20
3.9690950846962
  0
VERTEX
  8
5
  6
CONTINUOUS
 62
8
 10
4.6554332013799
 20
4.1166641071417
  0
VERTEX
  8
5
  6
CONTINUOUS
 62
8
 10
4.6536043898952
 20
4.2670350730514
  0
VERTEX
  8
5
  6
CONTINUOUS
 62
8
 10
4.6536043898952
 20
4.4127361331874
  0
VERTEX
  8
5
  6
CONTINUOUS
 62
8
 10
4.6563476071225
 20
4.5444274760026
  0
VERTEX
  8
5
  6
CONTINUOUS
 62
8
 10
4.6609196358346
 20
4.6667790072708
  0
VERTEX
  8
5
  6
CONTINUOUS
 62
8
 10
4.6673204760317
 20
4.7881965573841
  0
VERTEX
  8
5
  6
CONTINUOUS
 62
8
 10
4.6746357219712
 20
4.9077461451879
  0
VERTEX
  8
5
  6
CONTINUOUS
 62
8
 10
4.682865373653
 20
5.0235598083731
  0
VERTEX
  8
5
  6
CONTINUOUS
 62
8
 10
4.6910950253349
 20
5.1337695846298
  0
VERTEX
  8
5
  6
CONTINUOUS
 62
8
 10
4.6993246770167
 20
5.2374414928035
  0
VERTEX
  8
5
  6
CONTINUOUS
 62
8
 10
4.7066399229562
 20
5.3336415517395
  0
VERTEX
  8
5
  6
CONTINUOUS
 62
8
 10
4.7130407631533
 20
5.4205017991283
  0
VERTEX
  8
5
  6
CONTINUOUS
 62
8
 10
4.718527197608
 20
5.4653328945547
  0
VERTEX
  8
5
  6
CONTINUOUS
 62
8
 10
4.7249280378049
 20
5.5138999146002
  0
VERTEX
  8
5
  6
CONTINUOUS
 62
8
 10
4.7313288780019
 20
5.5662028592643
  0
VERTEX
  8
5
  6
CONTINUOUS
 62
8
 10
4.7386441239414
 20
5.620373766238
  0
VERTEX
  8
5
  6
CONTINUOUS
 62
8
 10
4.7459593698809
 20
5.6745446732117
  0
VERTEX
  8
5
  6
CONTINUOUS
 62
8
 10
4.7532746158203
 20
5.7277815990306
  0
VERTEX
  8
5
  6
CONTINUOUS
 62
8
 10
4.7596754560174
 20
5.7772826002307
  0
VERTEX
  8
5
  6
CONTINUOUS
 62
8
 10
4.7669907019569
 20
5.8239816579666
  0
SEQEND
  0
POLYLINE
  8
5
  6
CONTINUOUS
 62
8
 70
0
 66
1
  0
VERTEX
  8
5
  6
CONTINUOUS
 62
8
 10
5.3211205818708
 20
5.8183777710382
  0
VERTEX
  8
5
  6
CONTINUOUS
 62
8
 10
5.3211205818708
 20
5.8099719406458
  0
VERTEX
  8
5
  6
CONTINUOUS
 62
8
 10
5.3256926105831
 20
5.8015661102533
  0
VERTEX
  8
5
  6
CONTINUOUS
 62
8
 10
5.333922262265
 20
5.7922262987062
  0
VERTEX
  8
5
  6
CONTINUOUS
 62
8
 10
5.3448951311742
 20
5.7819525060043
  0
VERTEX
  8
5
  6
CONTINUOUS
 62
8
 10
5.3595256230531
 20
5.7716787133025
  0
VERTEX
  8
5
  6
CONTINUOUS
 62
8
 10
5.3778137379018
 20
5.7614049206004
  0
VERTEX
  8
5
  6
CONTINUOUS
 62
8
 10
5.3979306642352
 20
5.7511311278985
  0
VERTEX
  8
5
  6
CONTINUOUS
 62
8
 10
5.4198764020536
 20
5.7417913163514
  0
VERTEX
  8
5
  6
CONTINUOUS
 62
8
 10
5.4445653570993
 20
5.7324515048041
  0
VERTEX
  8
5
  6
CONTINUOUS
 62
8
 10
5.4710831236298
 20
5.7249796555665
  0
VERTEX
  8
5
  6
CONTINUOUS
 62
8
 10
5.4985152959027
 20
5.7175078063288
  0
VERTEX
  8
5
  6
CONTINUOUS
 62
8
 10
5.5268618739182
 20
5.7119039194003
  0
VERTEX
  8
5
  6
CONTINUOUS
 62
8
 10
5.5561228576761
 20
5.7072340136267
  0
VERTEX
  8
5
  6
CONTINUOUS
 62
8
 10
5.5862982471763
 20
5.7053660513174
  0
VERTEX
  8
5
  6
CONTINUOUS
 62
8
 10
5.6164736366765
 20
5.7044320701626
  0
VERTEX
  8
5
  6
CONTINUOUS
 62
8
 10
5.6466490261768
 20
5.7063000324721
  0
VERTEX
  8
5
  6
CONTINUOUS
 62
8
 10
5.6475634319194
 20
5.2607910216716
  0
VERTEX
  8
5
  6
CONTINUOUS
 62
8
 10
6.336110955971
 20
5.3653969109999
  0
VERTEX
  8
5
  6
CONTINUOUS
 62
8
 10
6.3763448086381
 20
5.0646549791806
  0
VERTEX
  8
5
  6
CONTINUOUS
 62
8
 10
6.3672007512136
 20
5.0609190545617
  0
VERTEX
  8
5
  6
CONTINUOUS
 62
8
 10
6.3607999110167
 20
5.0581171110976
  0
VERTEX
  8
5
  6
CONTINUOUS
 62
8
 10
6.355313476562
 20
5.0553151676335
  0
VERTEX
  8
5
  6
CONTINUOUS
 62
8
 10
6.3507414478499
 20
5.0525132241694
  0
VERTEX
  8
5
  6
CONTINUOUS
 62
8
 10
6.3461694191376
 20
5.0487772995505
  0
VERTEX
  8
5
  6
CONTINUOUS
 62
8
 10
6.3415973904255
 20
5.0441073937768
  0
VERTEX
  8
5
  6
CONTINUOUS
 62
8
 10
6.3351965502284
 20
5.0385035068486
  0
VERTEX
  8
5
  6
CONTINUOUS
 62
8
 10
6.3269668985466
 20
5.0310316576109
  0
VERTEX
  8
5
  6
CONTINUOUS
 62
8
 10
6.2995347262737
 20
4.9992762983505
  0
VERTEX
  8
5
  6
CONTINUOUS
 62
8
 10
6.2721025540008
 20
4.9665869579353
  0
VERTEX
  8
5
  6
CONTINUOUS
 62
8
 10
6.2446703817277
 20
4.9338976175201
  0
VERTEX
  8
5
  6
CONTINUOUS
 62
8
 10
6.2163238037122
 20
4.901208277105
  0
VERTEX
  8
5
  6
CONTINUOUS
 62
8
 10
6.1888916314393
 20
4.8685189366898
  0
VERTEX
  8
5
  6
CONTINUOUS
 62
8
 10
6.1605450534239
 20
4.8358295962746
  0
VERTEX
  8
5
  6
CONTINUOUS
 62
8
 10
6.1321984754086
 20
4.8022062747049
  0
VERTEX
  8
5
  6
CONTINUOUS
 62
8
 10
6.1038518973931
 20
4.7685829531349
  0
VERTEX
  8
5
  6
CONTINUOUS
 62
8
 10
6.0755053193776
 20
4.7349596315652
  0
VERTEX
  8
5
  6
CONTINUOUS
 62
8
 10
6.04624433562
 20
4.7013363099953
  0
VERTEX
  8
5
  6
CONTINUOUS
 62
8
 10
6.0178977576045
 20
4.6677129884253
  0
VERTEX
  8
5
  6
CONTINUOUS
 62
8
 10
5.989551179589
 20
4.6340896668556
  0
VERTEX
  8
5
  6
CONTINUOUS
 62
8
 10
5.9602901958312
 20
4.6004663452857
  0
VERTEX
  8
5
  6
CONTINUOUS
 62
8
 10
5.9319436178159
 20
4.5659090425611
  0
VERTEX
  8
5
  6
CONTINUOUS
 62
8
 10
5.902682634058
 20
4.5322857209912
  0
VERTEX
  8
5
  6
CONTINUOUS
 62
8
 10
5.8743360560426
 20
4.4977284182667
  0
VERTEX
  8
5
  6
CONTINUOUS
 62
8
 10
5.8450750722847
 20
4.4641050966968
  0
VERTEX
  8
5
  6
CONTINUOUS
 62
8
 10
5.8158140885268
 20
4.430481775127
  0
VERTEX
  8
5
  6
CONTINUOUS
 62
8
 10
5.7874675105114
 20
4.3959244724023
  0
VERTEX
  8
5
  6
CONTINUOUS
 62
8
 10
5.7582065267537
 20
4.3623011508326
  0
VERTEX
  8
5
  6
CONTINUOUS
 62
8
 10
5.7298599487382
 20
4.3277438481081
  0
VERTEX
  8
5
  6
CONTINUOUS
 62
8
 10
5.7015133707228
 20
4.2941205265381
  0
VERTEX
  8
5
  6
CONTINUOUS
 62
8
 10
5.6722523869649
 20
4.2604972049682
  0
VERTEX
  8
5
  6
CONTINUOUS
 62
8
 10
5.6439058089496
 20
4.2268738833985
  0
VERTEX
  8
5
  6
CONTINUOUS
 62
8
 10
5.6155592309342
 20
4.1932505618285
  0
VERTEX
  8
5
  6
CONTINUOUS
 62
8
 10
5.5872126529187
 20
4.1605612214134
  0
VERTEX
  8
5
  6
CONTINUOUS
 62
8
 10
5.5588660749034
 20
4.1269378998436
  0
VERTEX
  8
5
  6
CONTINUOUS
 62
8
 10
5.5314339026303
 20
4.0942485594284
  0
VERTEX
  8
5
  6
CONTINUOUS
 62
8
 10
5.503087324615
 20
4.0615592190133
  0
VERTEX
  8
5
  6
CONTINUOUS
 62
8
 10
5.4756551523419
 20
4.0288698785981
  0
VERTEX
  8
5
  6
CONTINUOUS
 62
8
 10
5.4482229800691
 20
3.9961805381829
  0
VERTEX
  8
5
  6
CONTINUOUS
 62
8
 10
5.420790807796
 20
3.9644251789225
  0
VERTEX
  8
5
  6
CONTINUOUS
 62
8
 10
5.427191647993
 20
4.1138621636774
  0
VERTEX
  8
5
  6
CONTINUOUS
 62
8
 10
5.4299348652204
 20
4.2689030353607
  0
VERTEX
  8
5
  6
CONTINUOUS
 62
8
 10
5.4299348652204
 20
4.4211419635797
  0
VERTEX
  8
5
  6
CONTINUOUS
 62
8
 10
5.4262772422507
 20
4.5584371933234
  0
VERTEX
  8
5
  6
CONTINUOUS
 62
8
 10
5.4235340250233
 20
4.6807887245915
  0
VERTEX
  8
5
  6
CONTINUOUS
 62
8
 10
5.4189619963112
 20
4.8012722935501
  0
VERTEX
  8
5
  6
CONTINUOUS
 62
8
 10
5.4125611561141
 20
4.9189539190446
  0
VERTEX
  8
5
  6
CONTINUOUS
 62
8
 10
5.4052459101747
 20
5.0328996199202
  0
VERTEX
  8
5
  6
CONTINUOUS
 62
8
 10
5.3970162584928
 20
5.1412414338676
  0
VERTEX
  8
5
  6
CONTINUOUS
 62
8
 10
5.3878722010684
 20
5.2449133420413
  0
VERTEX
  8
5
  6
CONTINUOUS
 62
8
 10
5.3796425493865
 20
5.3411134009773
  0
VERTEX
  8
5
  6
CONTINUOUS
 62
8
 10
5.3714128977047
 20
5.4289076295207
  0
VERTEX
  8
5
  6
CONTINUOUS
 62
8
 10
5.36592646325
 20
5.4728047437925
  0
VERTEX
  8
5
  6
CONTINUOUS
 62
8
 10
5.3604400287955
 20
5.5195038015284
  0
VERTEX
  8
5
  6
CONTINUOUS
 62
8
 10
5.3549535943408
 20
5.5699387838832
  0
VERTEX
  8
5
  6
CONTINUOUS
 62
8
 10
5.3494671598863
 20
5.6213077473928
  0
VERTEX
  8
5
  6
CONTINUOUS
 62
8
 10
5.3430663196892
 20
5.6726767109022
  0
VERTEX
  8
5
  6
CONTINUOUS
 62
8
 10
5.3366654794923
 20
5.7240456744118
  0
VERTEX
  8
5
  6
CONTINUOUS
 62
8
 10
5.3293502335529
 20
5.772612694457
  0
VERTEX
  8
5
  6
CONTINUOUS
 62
8
 10
5.3211205818708
 20
5.8183777710382
  0
SEQEND
  0
POLYLINE
  8
5
  6
CONTINUOUS
 62
8
 70
0
 66
1
  0
VERTEX
  8
5
  6
CONTINUOUS
 62
8
 10
4.6984102712743
 20
5.2598570405168
  0
VERTEX
  8
5
  6
CONTINUOUS
 62
8
 10
5.386957795326
 20
5.2579890782073
  0
VERTEX
  8
5
  6
CONTINUOUS
 62
8
 10
5.4052459101747
 20
5.0254277706824
  0
VERTEX
  8
5
  6
CONTINUOUS
 62
8
 10
5.4198764020536
 20
4.7900645196935
  0
VERTEX
  8
5
  6
CONTINUOUS
 62
8
 10
5.429020459478
 20
4.5547012687045
  0
VERTEX
  8
5
  6
CONTINUOUS
 62
8
 10
5.4326780824477
 20
4.3202719988703
  0
VERTEX
  8
5
  6
CONTINUOUS
 62
8
 10
5.427191647993
 20
4.0886446725
  0
VERTEX
  8
5
  6
CONTINUOUS
 62
8
 10
5.4134755618565
 20
3.8635552142129
  0
VERTEX
  8
5
  6
CONTINUOUS
 62
8
 10
5.388786606811
 20
3.6440696428543
  0
VERTEX
  8
5
  6
CONTINUOUS
 62
8
 10
5.3512959713712
 20
3.4339238830427
  0
VERTEX
  8
5
  6
CONTINUOUS
 62
8
 10
5.3384942909771
 20
3.4049704672464
  0
VERTEX
  8
5
  6
CONTINUOUS
 62
8
 10
5.3275214220679
 20
3.3778850137595
  0
VERTEX
  8
5
  6
CONTINUOUS
 62
8
 10
5.3183773646437
 20
3.3536015037368
  0
VERTEX
  8
5
  6
CONTINUOUS
 62
8
 10
5.3119765244466
 20
3.3293179937142
  0
VERTEX
  8
5
  6
CONTINUOUS
 62
8
 10
5.3074044957345
 20
3.3059684648461
  0
VERTEX
  8
5
  6
CONTINUOUS
 62
8
 10
5.3055756842495
 20
3.2826189359783
  0
VERTEX
  8
5
  6
CONTINUOUS
 62
8
 10
5.3074044957345
 20
3.2583354259556
  0
VERTEX
  8
5
  6
CONTINUOUS
 62
8
 10
5.3119765244466
 20
3.2321839536235
  0
VERTEX
  8
5
  6
CONTINUOUS
 62
8
 10
5.3028324670223
 20
3.2032305378272
  0
VERTEX
  8
5
  6
CONTINUOUS
 62
8
 10
5.2936884095979
 20
3.1742771220309
  0
VERTEX
  8
5
  6
CONTINUOUS
 62
8
 10
5.2836299464311
 20
3.1453237062346
  0
VERTEX
  8
5
  6
CONTINUOUS
 62
8
 10
5.2726570775219
 20
3.1154363092838
  0
VERTEX
  8
5
  6
CONTINUOUS
 62
8
 10
5.2616842086127
 20
3.0864828934875
  0
VERTEX
  8
5
  6
CONTINUOUS
 62
8
 10
5.2497969339611
 20
3.058463458846
  0
VERTEX
  8
5
  6
CONTINUOUS
 62
8
 10
5.2379096593096
 20
3.0295100430497
  0
VERTEX
  8
5
  6
CONTINUOUS
 62
8
 10
5.2251079789154
 20
3.0024245895627
  0
VERTEX
  8
5
  6
CONTINUOUS
 62
8
 10
5.2132207042638
 20
2.975339136076
  0
VERTEX
  8
5
  6
CONTINUOUS
 62
8
 10
5.1995046181275
 20
2.9482536825892
  0
VERTEX
  8
5
  6
CONTINUOUS
 62
8
 10
5.1867029377333
 20
2.9230361914118
  0
VERTEX
  8
5
  6
CONTINUOUS
 62
8
 10
5.1739012573393
 20
2.898752681389
  0
VERTEX
  8
5
  6
CONTINUOUS
 62
8
 10
5.1601851712028
 20
2.8754031525211
  0
VERTEX
  8
5
  6
CONTINUOUS
 62
8
 10
5.1473834908086
 20
2.8539215859626
  0
VERTEX
  8
5
  6
CONTINUOUS
 62
8
 10
5.1345818104147
 20
2.8333740005589
  0
VERTEX
  8
5
  6
CONTINUOUS
 62
8
 10
5.1217801300205
 20
2.8146943774645
  0
VERTEX
  8
5
  6
CONTINUOUS
 62
8
 10
5.1080640438842
 20
2.7997506789889
  0
VERTEX
  8
5
  6
CONTINUOUS
 62
8
 10
5.0961767692326
 20
2.7866749428229
  0
VERTEX
  8
5
  6
CONTINUOUS
 62
8
 10
5.0842894945808
 20
2.7754671689663
  0
VERTEX
  8
5
  6
CONTINUOUS
 62
8
 10
5.0733166256716
 20
2.7661273574192
  0
VERTEX
  8
5
  6
CONTINUOUS
 62
8
 10
5.0623437567624
 20
2.759589489336
  0
VERTEX
  8
5
  6
CONTINUOUS
 62
8
 10
5.0522852935958
 20
2.7539856024078
  0
VERTEX
  8
5
  6
CONTINUOUS
 62
8
 10
5.042226830429
 20
2.7511836589437
  0
VERTEX
  8
5
  6
CONTINUOUS
 62
8
 10
5.0321683672622
 20
2.7502496777889
  0
VERTEX
  8
5
  6
CONTINUOUS
 62
8
 10
5.0221099040955
 20
2.7511836589437
  0
VERTEX
  8
5
  6
CONTINUOUS
 62
8
 10
5.0129658466711
 20
2.7539856024078
  0
VERTEX
  8
5
  6
CONTINUOUS
 62
8
 10
5.0029073835043
 20
2.759589489336
  0
VERTEX
  8
5
  6
CONTINUOUS
 62
8
 10
4.9928489203377
 20
2.7661273574192
  0
VERTEX
  8
5
  6
CONTINUOUS
 62
8
 10
4.9818760514285
 20
2.7754671689663
  0
VERTEX
  8
5
  6
CONTINUOUS
 62
8
 10
4.9718175882617
 20
2.7866749428229
  0
VERTEX
  8
5
  6
CONTINUOUS
 62
8
 10
4.9599303136101
 20
2.7997506789889
  0
VERTEX
  8
5
  6
CONTINUOUS
 62
8
 10
4.9480430389585
 20
2.8146943774645
  0
VERTEX
  8
5
  6
CONTINUOUS
 62
8
 10
4.934326952822
 20
2.8333740005589
  0
VERTEX
  8
5
  6
CONTINUOUS
 62
8
 10
4.9206108666854
 20
2.8529876048079
  0
VERTEX
  8
5
  6
CONTINUOUS
 62
8
 10
4.9078091862915
 20
2.872601209057
  0
VERTEX
  8
5
  6
CONTINUOUS
 62
8
 10
4.8950075058973
 20
2.8940827756155
  0
VERTEX
  8
5
  6
CONTINUOUS
 62
8
 10
4.8822058255033
 20
2.9164983233286
  0
VERTEX
  8
5
  6
CONTINUOUS
 62
8
 10
4.8694041451092
 20
2.9398478521967
  0
VERTEX
  8
5
  6
CONTINUOUS
 62
8
 10
4.8575168704576
 20
2.9641313622193
  0
VERTEX
  8
5
  6
CONTINUOUS
 62
8
 10
4.845629595806
 20
2.9893488533967
  0
VERTEX
  8
5
  6
CONTINUOUS
 62
8
 10
4.8346567268968
 20
3.0164343068835
  0
VERTEX
  8
5
  6
CONTINUOUS
 62
8
 10
4.8227694522452
 20
3.0444537415252
  0
VERTEX
  8
5
  6
CONTINUOUS
 62
8
 10
4.8127109890784
 20
3.0734071573215
  0
VERTEX
  8
5
  6
CONTINUOUS
 62
8
 10
4.8017381201692
 20
3.1032945542723
  0
VERTEX
  8
5
  6
CONTINUOUS
 62
8
 10
4.7916796570024
 20
3.1350499135327
  0
VERTEX
  8
5
  6
CONTINUOUS
 62
8
 10
4.7825355995782
 20
3.1677392539479
  0
VERTEX
  8
5
  6
CONTINUOUS
 62
8
 10
4.7733915421538
 20
3.2013625755178
  0
VERTEX
  8
5
  6
CONTINUOUS
 62
8
 10
4.7642474847295
 20
3.2368538593971
  0
VERTEX
  8
5
  6
CONTINUOUS
 62
8
 10
4.7688195134416
 20
3.260203388265
  0
VERTEX
  8
5
  6
CONTINUOUS
 62
8
 10
4.771562730669
 20
3.283552917133
  0
VERTEX
  8
5
  6
CONTINUOUS
 62
8
 10
4.7706483249266
 20
3.3059684648461
  0
VERTEX
  8
5
  6
CONTINUOUS
 62
8
 10
4.7669907019569
 20
3.3283840125594
  0
VERTEX
  8
5
  6
CONTINUOUS
 62
8
 10
4.7596754560174
 20
3.3526675225821
  0
VERTEX
  8
5
  6
CONTINUOUS
 62
8
 10
4.7487025871082
 20
3.3778850137595
  0
VERTEX
  8
5
  6
CONTINUOUS
 62
8
 10
4.7340720952293
 20
3.4059044484012
  0
VERTEX
  8
5
  6
CONTINUOUS
 62
8
 10
4.7157839803806
 20
3.4367258265068
  0
VERTEX
  8
5
  6
CONTINUOUS
 62
8
 10
4.682865373653
 20
3.6627492659487
  0
VERTEX
  8
5
  6
CONTINUOUS
 62
8
 10
4.663662853062
 20
3.8915746488546
  0
VERTEX
  8
5
  6
CONTINUOUS
 62
8
 10
4.6545187956376
 20
4.1232019752247
  0
VERTEX
  8
5
  6
CONTINUOUS
 62
8
 10
4.6536043898952
 20
4.35389532044
  0
VERTEX
  8
5
  6
CONTINUOUS
 62
8
 10
4.6600052300923
 20
4.5845886656556
  0
VERTEX
  8
5
  6
CONTINUOUS
 62
8
 10
4.6709780990015
 20
4.8134140485615
  0
VERTEX
  8
5
  6
CONTINUOUS
 62
8
 10
4.6846941851378
 20
5.0394374880032
  0
VERTEX
  8
5
  6
CONTINUOUS
 62
8
 10
4.6984102712743
 20
5.2598570405168
  0
SEQEND
  0
POLYLINE
  8
5
  6
CONTINUOUS
 62
8
 70
0
 66
1
  0
VERTEX
  8
5
  6
CONTINUOUS
 62
8
 10
4.7157839803806
 20
4.7900645196935
  0
VERTEX
  8
5
  6
CONTINUOUS
 62
8
 10
4.8090533661087
 20
4.854509219369
  0
VERTEX
  8
5
  6
CONTINUOUS
 62
8
 10
4.8090533661087
 20
4.950709278305
  0
VERTEX
  8
5
  6
CONTINUOUS
 62
8
 10
4.7194416033504
 20
4.9469733536861
  0
VERTEX
  8
5
  6
CONTINUOUS
 62
8
 10
4.7157839803806
 20
4.7900645196935
  0
SEQEND
  0
POLYLINE
  8
5
  6
CONTINUOUS
 62
8
 70
0
 66
1
  0
VERTEX
  8
5
  6
CONTINUOUS
 62
8
 10
5.3778137379018
 20
4.7900645196935
  0
VERTEX
  8
5
  6
CONTINUOUS
 62
8
 10
5.2845443521735
 20
4.854509219369
  0
VERTEX
  8
5
  6
CONTINUOUS
 62
8
 10
5.2845443521735
 20
4.950709278305
  0
VERTEX
  8
5
  6
CONTINUOUS
 62
8
 10
5.3750705206744
 20
4.9469733536861
  0
VERTEX
  8
5
  6
CONTINUOUS
 62
8
 10
5.3778137379018
 20
4.7900645196935
  0
SEQEND
  0
POLYLINE
  8
5
  6
CONTINUOUS
 62
8
 70
0
 66
1
  0
VERTEX
  8
5
  6
CONTINUOUS
 62
8
 10
4.7916796570024
 20
4.7004023288405
  0
VERTEX
  8
5
  6
CONTINUOUS
 62
8
 10
4.7935084684874
 20
4.4080662274137
  0
VERTEX
  8
5
  6
CONTINUOUS
 62
8
 10
4.6993246770167
 20
4.4099341897233
  0
VERTEX
  8
5
  6
CONTINUOUS
 62
8
 10
4.6984102712743
 20
4.6256838364631
  0
VERTEX
  8
5
  6
CONTINUOUS
 62
8
 10
4.7916796570024
 20
4.7004023288405
  0
SEQEND
  0
POLYLINE
  8
5
  6
CONTINUOUS
 62
8
 70
0
 66
1
  0
VERTEX
  8
5
  6
CONTINUOUS
 62
8
 10
5.2918595981131
 20
4.7041382534594
  0
VERTEX
  8
5
  6
CONTINUOUS
 62
8
 10
5.2927740038555
 20
4.4136701143421
  0
VERTEX
  8
5
  6
CONTINUOUS
 62
8
 10
5.3833001723563
 20
4.4136701143421
  0
VERTEX
  8
5
  6
CONTINUOUS
 62
8
 10
5.3823857666139
 20
4.6368916103197
  0
VERTEX
  8
5
  6
CONTINUOUS
 62
8
 10
5.2918595981131
 20
4.7041382534594
  0
SEQEND
  0
POLYLINE
  8
5
  6
CONTINUOUS
 62
8
 70
0
 66
1
  0
VERTEX
  8
5
  6
CONTINUOUS
 62
8
 10
4.9827904571709
 20
2.975339136076
  0
VERTEX
  8
5
  6
CONTINUOUS
 62
8
 10
4.9910201088527
 20
2.975339136076
  0
VERTEX
  8
5
  6
CONTINUOUS
 62
8
 10
4.9983353547922
 20
2.975339136076
  0
VERTEX
  8
5
  6
CONTINUOUS
 62
8
 10
5.006565006474
 20
2.975339136076
  0
VERTEX
  8
5
  6
CONTINUOUS
 62
8
 10
5.0147946581561
 20
2.975339136076
  0
VERTEX
  8
5
  6
CONTINUOUS
 62
8
 10
5.0221099040955
 20
2.975339136076
  0
VERTEX
  8
5
  6
CONTINUOUS
 62
8
 10
5.0303395557774
 20
2.975339136076
  0
VERTEX
  8
5
  6
CONTINUOUS
 62
8
 10
5.0376548017169
 20
2.975339136076
  0
VERTEX
  8
5
  6
CONTINUOUS
 62
8
 10
5.0449700476563
 20
2.975339136076
  0
VERTEX
  8
5
  6
CONTINUOUS
 62
8
 10
5.0522852935958
 20
2.975339136076
  0
VERTEX
  8
5
  6
CONTINUOUS
 62
8
 10
5.0605149452776
 20
2.975339136076
  0
VERTEX
  8
5
  6
CONTINUOUS
 62
8
 10
5.0678301912171
 20
2.975339136076
  0
VERTEX
  8
5
  6
CONTINUOUS
 62
8
 10
5.076059842899
 20
2.975339136076
  0
VERTEX
  8
5
  6
CONTINUOUS
 62
8
 10
5.0833750888384
 20
2.975339136076
  0
VERTEX
  8
5
  6
CONTINUOUS
 62
8
 10
5.0916047405203
 20
2.975339136076
  0
VERTEX
  8
5
  6
CONTINUOUS
 62
8
 10
5.0989199864597
 20
2.975339136076
  0
VERTEX
  8
5
  6
CONTINUOUS
 62
8
 10
5.1071496381418
 20
2.975339136076
  0
VERTEX
  8
5
  6
CONTINUOUS
 62
8
 10
5.1126360725963
 20
2.975339136076
  0
VERTEX
  8
5
  6
CONTINUOUS
 62
8
 10
5.1172081013084
 20
2.9772070983853
  0
VERTEX
  8
5
  6
CONTINUOUS
 62
8
 10
5.1217801300205
 20
2.9790750606949
  0
VERTEX
  8
5
  6
CONTINUOUS
 62
8
 10
5.1254377529904
 20
2.981877004159
  0
VERTEX
  8
5
  6
CONTINUOUS
 62
8
 10
5.1290953759602
 20
2.9846789476231
  0
VERTEX
  8
5
  6
CONTINUOUS
 62
8
 10
5.1318385931873
 20
2.988414872242
  0
VERTEX
  8
5
  6
CONTINUOUS
 62
8
 10
5.1336674046723
 20
2.9921507968609
  0
VERTEX
  8
5
  6
CONTINUOUS
 62
8
 10
5.1354962161571
 20
2.9958867214797
  0
VERTEX
  8
5
  6
CONTINUOUS
 62
8
 10
5.137325027642
 20
3.0098964388005
  0
VERTEX
  8
5
  6
CONTINUOUS
 62
8
 10
5.1400682448694
 20
3.0239061561213
  0
VERTEX
  8
5
  6
CONTINUOUS
 62
8
 10
5.1428114620965
 20
3.0388498545968
  0
VERTEX
  8
5
  6
CONTINUOUS
 62
8
 10
5.1464690850662
 20
3.0537935530723
  0
VERTEX
  8
5
  6
CONTINUOUS
 62
8
 10
5.150126708036
 20
3.0715391950119
  0
VERTEX
  8
5
  6
CONTINUOUS
 62
8
 10
5.1537843310057
 20
3.0902188181064
  0
VERTEX
  8
5
  6
CONTINUOUS
 62
8
 10
5.1574419539754
 20
3.1098324223553
  0
VERTEX
  8
5
  6
CONTINUOUS
 62
8
 10
5.1620139826878
 20
3.1313139889139
  0
VERTEX
  8
5
  6
CONTINUOUS
 62
8
 10
5.1629283884301
 20
3.1387858381516
  0
VERTEX
  8
5
  6
CONTINUOUS
 62
8
 10
5.1620139826878
 20
3.1453237062346
  0
VERTEX
  8
5
  6
CONTINUOUS
 62
8
 10
5.1601851712028
 20
3.1518615743178
  0
VERTEX
  8
5
  6
CONTINUOUS
 62
8
 10
5.1565275482331
 20
3.157465461246
  0
VERTEX
  8
5
  6
CONTINUOUS
 62
8
 10
5.1528699252633
 20
3.1621353670197
  0
VERTEX
  8
5
  6
CONTINUOUS
 62
8
 10
5.1473834908086
 20
3.1658712916386
  0
VERTEX
  8
5
  6
CONTINUOUS
 62
8
 10
5.1409826506117
 20
3.1677392539479
  0
VERTEX
  8
5
  6
CONTINUOUS
 62
8
 10
5.1336674046723
 20
3.1686732351027
  0
VERTEX
  8
5
  6
CONTINUOUS
 62
8
 10
5.1217801300205
 20
3.1686732351027
  0
VERTEX
  8
5
  6
CONTINUOUS
 62
8
 10
5.1108072611115
 20
3.1686732351027
  0
VERTEX
  8
5
  6
CONTINUOUS
 62
8
 10
5.0989199864597
 20
3.1686732351027
  0
VERTEX
  8
5
  6
CONTINUOUS
 62
8
 10
5.0879471175505
 20
3.1686732351027
  0
VERTEX
  8
5
  6
CONTINUOUS
 62
8
 10
5.076059842899
 20
3.1686732351027
  0
VERTEX
  8
5
  6
CONTINUOUS
 62
8
 10
5.0650869739898
 20
3.1686732351027
  0
VERTEX
  8
5
  6
CONTINUOUS
 62
8
 10
5.0541141050806
 20
3.1686732351027
  0
VERTEX
  8
5
  6
CONTINUOUS
 62
8
 10
5.0431412361714
 20
3.1686732351027
  0
VERTEX
  8
5
  6
CONTINUOUS
 62
8
 10
5.0321683672622
 20
3.1686732351027
  0
VERTEX
  8
5
  6
CONTINUOUS
 62
8
 10
5.0202810926106
 20
3.1686732351027
  0
VERTEX
  8
5
  6
CONTINUOUS
 62
8
 10
5.0093082237014
 20
3.1686732351027
  0
VERTEX
  8
5
  6
CONTINUOUS
 62
8
 10
4.9983353547922
 20
3.1686732351027
  0
VERTEX
  8
5
  6
CONTINUOUS
 62
8
 10
4.987362485883
 20
3.1686732351027
  0
VERTEX
  8
5
  6
CONTINUOUS
 62
8
 10
4.9754752112314
 20
3.1686732351027
  0
VERTEX
  8
5
  6
CONTINUOUS
 62
8
 10
4.9645023423222
 20
3.1686732351027
  0
VERTEX
  8
5
  6
CONTINUOUS
 62
8
 10
4.9526150676706
 20
3.1686732351027
  0
VERTEX
  8
5
  6
CONTINUOUS
 62
8
 10
4.9452998217312
 20
3.1677392539479
  0
VERTEX
  8
5
  6
CONTINUOUS
 62
8
 10
4.9388989815341
 20
3.1658712916386
  0
VERTEX
  8
5
  6
CONTINUOUS
 62
8
 10
4.934326952822
 20
3.1621353670197
  0
VERTEX
  8
5
  6
CONTINUOUS
 62
8
 10
4.9297549241099
 20
3.157465461246
  0
VERTEX
  8
5
  6
CONTINUOUS
 62
8
 10
4.9270117068825
 20
3.1518615743178
  0
VERTEX
  8
5
  6
CONTINUOUS
 62
8
 10
4.9251828953975
 20
3.1453237062346
  0
VERTEX
  8
5
  6
CONTINUOUS
 62
8
 10
4.9251828953975
 20
3.1387858381516
  0
VERTEX
  8
5
  6
CONTINUOUS
 62
8
 10
4.9260973011401
 20
3.1313139889139
  0
VERTEX
  8
5
  6
CONTINUOUS
 62
8
 10
4.9306693298522
 20
3.1107664035101
  0
VERTEX
  8
5
  6
CONTINUOUS
 62
8
 10
4.934326952822
 20
3.0911527992611
  0
VERTEX
  8
5
  6
CONTINUOUS
 62
8
 10
4.9388989815341
 20
3.0715391950119
  0
VERTEX
  8
5
  6
CONTINUOUS
 62
8
 10
4.9425566045038
 20
3.0537935530723
  0
VERTEX
  8
5
  6
CONTINUOUS
 62
8
 10
4.9452998217312
 20
3.0388498545968
  0
VERTEX
  8
5
  6
CONTINUOUS
 62
8
 10
4.9489574447009
 20
3.0229721749667
  0
VERTEX
  8
5
  6
CONTINUOUS
 62
8
 10
4.9526150676706
 20
3.0089624576459
  0
VERTEX
  8
5
  6
CONTINUOUS
 62
8
 10
4.955358284898
 20
2.9949527403252
  0
VERTEX
  8
5
  6
CONTINUOUS
 62
8
 10
4.9562726906404
 20
2.9912168157063
  0
VERTEX
  8
5
  6
CONTINUOUS
 62
8
 10
4.9581015021251
 20
2.9874808910874
  0
VERTEX
  8
5
  6
CONTINUOUS
 62
8
 10
4.9608447193525
 20
2.9837449664685
  0
VERTEX
  8
5
  6
CONTINUOUS
 62
8
 10
4.9645023423222
 20
2.9809430230044
  0
VERTEX
  8
5
  6
CONTINUOUS
 62
8
 10
4.9681599652919
 20
2.9781410795401
  0
VERTEX
  8
5
  6
CONTINUOUS
 62
8
 10
4.9727319940041
 20
2.9772070983853
  0
VERTEX
  8
5
  6
CONTINUOUS
 62
8
 10
4.9773040227162
 20
2.975339136076
  0
VERTEX
  8
5
  6
CONTINUOUS
 62
8
 10
4.9827904571709
 20
2.975339136076
  0
SEQEND
  0
POLYLINE
  8
5
  6
CONTINUOUS
 62
8
 70
0
 66
1
  0
VERTEX
  8
5
  6
CONTINUOUS
 62
8
 10
1.8536940065669
 20
5.958474944246
  0
VERTEX
  8
5
  6
CONTINUOUS
 62
8
 10
1.8491219778547
 20
5.951937076163
  0
VERTEX
  8
5
  6
CONTINUOUS
 62
8
 10
1.8445499491426
 20
5.9463331892347
  0
VERTEX
  8
5
  6
CONTINUOUS
 62
8
 10
1.839063514688
 20
5.9397953211516
  0
VERTEX
  8
5
  6
CONTINUOUS
 62
8
 10
1.8344914859758
 20
5.9341914342233
  0
VERTEX
  8
5
  6
CONTINUOUS
 62
8
 10
1.8308338630061
 20
5.9285875472951
  0
VERTEX
  8
5
  6
CONTINUOUS
 62
8
 10
1.8280906457788
 20
5.9211156980573
  0
VERTEX
  8
5
  6
CONTINUOUS
 62
8
 10
1.8262618342939
 20
5.9127098676648
  0
VERTEX
  8
5
  6
CONTINUOUS
 62
8
 10
1.8262618342939
 20
5.9033700561177
  0
VERTEX
  8
5
  6
CONTINUOUS
 62
8
 10
1.8354058917182
 20
5.9033700561177
  0
VERTEX
  8
5
  6
CONTINUOUS
 62
8
 10
1.8418067319152
 20
5.8996341314988
  0
VERTEX
  8
5
  6
CONTINUOUS
 62
8
 10
1.8445499491426
 20
5.8949642257252
  0
VERTEX
  8
5
  6
CONTINUOUS
 62
8
 10
1.8463787606274
 20
5.8884263576422
  0
VERTEX
  8
5
  6
CONTINUOUS
 62
8
 10
1.8472931663698
 20
5.8818884895592
  0
VERTEX
  8
5
  6
CONTINUOUS
 62
8
 10
1.8472931663698
 20
5.8744166403214
  0
VERTEX
  8
5
  6
CONTINUOUS
 62
8
 10
1.8491219778547
 20
5.8669447910836
  0
VERTEX
  8
5
  6
CONTINUOUS
 62
8
 10
1.8527796008244
 20
5.8613409041552
  0
VERTEX
  8
5
  6
CONTINUOUS
 62
8
 10
1.8683244984458
 20
5.8641428476195
  0
VERTEX
  8
5
  6
CONTINUOUS
 62
8
 10
1.8774685558701
 20
5.8716146968573
  0
VERTEX
  8
5
  6
CONTINUOUS
 62
8
 10
1.8820405845823
 20
5.8818884895592
  0
VERTEX
  8
5
  6
CONTINUOUS
 62
8
 10
1.8829549903247
 20
5.8940302445704
  0
VERTEX
  8
5
  6
CONTINUOUS
 62
8
 10
1.8829549903247
 20
5.9080399618912
  0
VERTEX
  8
5
  6
CONTINUOUS
 62
8
 10
1.8820405845823
 20
5.9229836603667
  0
VERTEX
  8
5
  6
CONTINUOUS
 62
8
 10
1.8820405845823
 20
5.9360593965327
  0
VERTEX
  8
5
  6
CONTINUOUS
 62
8
 10
1.8847838018096
 20
5.9482011515441
  0
VERTEX
  8
5
  6
CONTINUOUS
 62
8
 10
1.8536940065669
 20
5.958474944246
  0
SEQEND
  0
POLYLINE
  8
5
  6
CONTINUOUS
 62
8
 70
0
 66
1
  0
VERTEX
  8
5
  6
CONTINUOUS
 62
8
 10
1.7997440677633
 20
6.3367373119068
  0
VERTEX
  8
5
  6
CONTINUOUS
 62
8
 10
1.851865195082
 20
6.217187724103
  0
VERTEX
  8
5
  6
CONTINUOUS
 62
8
 10
1.8628380639912
 20
6.3591528596201
  0
VERTEX
  8
5
  6
CONTINUOUS
 62
8
 10
1.7997440677633
 20
6.3367373119068
  0
SEQEND
  0
POLYLINE
  8
5
  6
CONTINUOUS
 62
8
 70
0
 66
1
  0
VERTEX
  8
5
  6
CONTINUOUS
 62
8
 10
1.8646668754761
 20
6.3937101623446
  0
VERTEX
  8
5
  6
CONTINUOUS
 62
8
 10
1.851865195082
 20
6.3899742377257
  0
VERTEX
  8
5
  6
CONTINUOUS
 62
8
 10
1.839063514688
 20
6.3834363696427
  0
VERTEX
  8
5
  6
CONTINUOUS
 62
8
 10
1.8262618342939
 20
6.3731625769409
  0
VERTEX
  8
5
  6
CONTINUOUS
 62
8
 10
1.8143745596423
 20
6.362888784239
  0
VERTEX
  8
5
  6
CONTINUOUS
 62
8
 10
1.8052305022179
 20
6.3516810103823
  0
VERTEX
  8
5
  6
CONTINUOUS
 62
8
 10
1.7997440677633
 20
6.34327517999
  0
VERTEX
  8
5
  6
CONTINUOUS
 62
8
 10
1.7979152562785
 20
6.3367373119068
  0
VERTEX
  8
5
  6
CONTINUOUS
 62
8
 10
1.8024872849906
 20
6.3348693495975
  0
VERTEX
  8
5
  6
CONTINUOUS
 62
8
 10
1.8253474285515
 20
6.3376712930616
  0
VERTEX
  8
5
  6
CONTINUOUS
 62
8
 10
1.8418067319152
 20
6.3423411988352
  0
VERTEX
  8
5
  6
CONTINUOUS
 62
8
 10
1.851865195082
 20
6.3470111046087
  0
VERTEX
  8
5
  6
CONTINUOUS
 62
8
 10
1.858266035279
 20
6.3535489726919
  0
VERTEX
  8
5
  6
CONTINUOUS
 62
8
 10
1.8610092525063
 20
6.3600868407749
  0
VERTEX
  8
5
  6
CONTINUOUS
 62
8
 10
1.8628380639912
 20
6.3675586900126
  0
VERTEX
  8
5
  6
CONTINUOUS
 62
8
 10
1.8637524697336
 20
6.3750305392504
  0
VERTEX
  8
5
  6
CONTINUOUS
 62
8
 10
1.8655812812185
 20
6.3825023884882
  0
VERTEX
  8
5
  6
CONTINUOUS
 62
8
 10
1.8646668754761
 20
6.3937101623446
  0
SEQEND
  0
POLYLINE
  8
5
  6
CONTINUOUS
 62
8
 70
0
 66
1
  0
VERTEX
  8
5
  6
CONTINUOUS
 62
8
 10
3.7748604714175
 20
5.3653969109999
  0
VERTEX
  8
5
  6
CONTINUOUS
 62
8
 10
3.735541024493
 20
5.0646549791806
  0
VERTEX
  8
5
  6
CONTINUOUS
 62
8
 10
1.9341617119009
 20
5.7772826002307
  0
VERTEX
  8
5
  6
CONTINUOUS
 62
8
 10
1.9222744372493
 20
5.7819525060043
  0
VERTEX
  8
5
  6
CONTINUOUS
 62
8
 10
1.9113015683401
 20
5.7875563929326
  0
VERTEX
  8
5
  6
CONTINUOUS
 62
8
 10
1.9012431051733
 20
5.7950282421703
  0
VERTEX
  8
5
  6
CONTINUOUS
 62
8
 10
1.8930134534915
 20
5.8053020348722
  0
VERTEX
  8
5
  6
CONTINUOUS
 62
8
 10
1.8847838018096
 20
5.8174437898836
  0
VERTEX
  8
5
  6
CONTINUOUS
 62
8
 10
1.8783829616125
 20
5.8323874883591
  0
VERTEX
  8
5
  6
CONTINUOUS
 62
8
 10
1.8728965271579
 20
5.8520010926081
  0
VERTEX
  8
5
  6
CONTINUOUS
 62
8
 10
1.8683244984458
 20
5.8744166403214
  0
VERTEX
  8
5
  6
CONTINUOUS
 62
8
 10
1.858266035279
 20
5.9556730007818
  0
VERTEX
  8
5
  6
CONTINUOUS
 62
8
 10
1.8546084123093
 20
6.0369293612423
  0
VERTEX
  8
5
  6
CONTINUOUS
 62
8
 10
1.8536940065669
 20
6.1181857217027
  0
VERTEX
  8
5
  6
CONTINUOUS
 62
8
 10
1.851865195082
 20
6.2003760633179
  0
VERTEX
  8
5
  6
CONTINUOUS
 62
8
 10
2.5925338464524
 20
6.0584109278008
  0
VERTEX
  8
5
  6
CONTINUOUS
 62
8
 10
2.5797321660582
 20
5.9808904919592
  0
VERTEX
  8
5
  6
CONTINUOUS
 62
8
 10
3.754743545084
 20
5.7511311278985
  0
VERTEX
  8
5
  6
CONTINUOUS
 62
8
 10
3.7721172541903
 20
5.8361234129778
  0
VERTEX
  8
5
  6
CONTINUOUS
 62
8
 10
4.4615791839843
 20
5.7072340136267
  0
VERTEX
  8
5
  6
CONTINUOUS
 62
8
 10
4.4615791839843
 20
5.2626589839809
  0
VERTEX
  8
5
  6
CONTINUOUS
 62
8
 10
3.7748604714175
 20
5.3653969109999
  0
SEQEND
  0
POLYLINE
  8
5
  6
CONTINUOUS
 62
8
 70
0
 66
1
  0
VERTEX
  8
5
  6
CONTINUOUS
 62
8
 10
1.8692389041882
 20
6.5870442613713
  0
VERTEX
  8
5
  6
CONTINUOUS
 62
8
 10
1.8875270190369
 20
6.5095238255298
  0
VERTEX
  8
5
  6
CONTINUOUS
 62
8
 10
1.9030719166582
 20
6.4320033896882
  0
VERTEX
  8
5
  6
CONTINUOUS
 62
8
 10
1.9158735970523
 20
6.3554169350012
  0
VERTEX
  8
5
  6
CONTINUOUS
 62
8
 10
1.9268464659615
 20
6.2806984426238
  0
VERTEX
  8
5
  6
CONTINUOUS
 62
8
 10
1.9341617119009
 20
6.2059799502463
  0
VERTEX
  8
5
  6
CONTINUOUS
 62
8
 10
1.9387337406131
 20
6.1321954390237
  0
VERTEX
  8
5
  6
CONTINUOUS
 62
8
 10
1.940562552098
 20
6.0602788901103
  0
VERTEX
  8
5
  6
CONTINUOUS
 62
8
 10
1.9387337406131
 20
5.9902303035064
  0
VERTEX
  8
5
  6
CONTINUOUS
 62
8
 10
1.9286752774463
 20
5.9369933776874
  0
VERTEX
  8
5
  6
CONTINUOUS
 62
8
 10
1.9158735970523
 20
5.9015020938082
  0
VERTEX
  8
5
  6
CONTINUOUS
 62
8
 10
1.9030719166582
 20
5.8818884895592
  0
VERTEX
  8
5
  6
CONTINUOUS
 62
8
 10
1.8893558305217
 20
5.8762846026308
  0
VERTEX
  8
5
  6
CONTINUOUS
 62
8
 10
1.8765541501277
 20
5.8837564518685
  0
VERTEX
  8
5
  6
CONTINUOUS
 62
8
 10
1.8664956869609
 20
5.9033700561177
  0
VERTEX
  8
5
  6
CONTINUOUS
 62
8
 10
1.858266035279
 20
5.9332574530686
  0
VERTEX
  8
5
  6
CONTINUOUS
 62
8
 10
1.8546084123093
 20
5.9724846615667
  0
VERTEX
  8
5
  6
CONTINUOUS
 62
8
 10
1.851865195082
 20
6.1237896086311
  0
VERTEX
  8
5
  6
CONTINUOUS
 62
8
 10
1.8527796008244
 20
6.2769625180049
  0
VERTEX
  8
5
  6
CONTINUOUS
 62
8
 10
1.858266035279
 20
6.4310694085334
  0
VERTEX
  8
5
  6
CONTINUOUS
 62
8
 10
1.8692389041882
 20
6.5870442613713
  0
SEQEND
  0
POLYLINE
  8
5
  6
CONTINUOUS
 62
8
 70
0
 66
1
  0
VERTEX
  8
5
  6
CONTINUOUS
 62
8
 10
2.5934482521947
 20
6.0584109278008
  0
VERTEX
  8
5
  6
CONTINUOUS
 62
8
 10
3.7702884427053
 20
5.8361234129778
  0
VERTEX
  8
5
  6
CONTINUOUS
 62
8
 10
3.7529147335993
 20
5.7501971467437
  0
VERTEX
  8
5
  6
CONTINUOUS
 62
8
 10
2.5815609775432
 20
5.9808904919592
  0
VERTEX
  8
5
  6
CONTINUOUS
 62
8
 10
2.5934482521947
 20
6.0584109278008
  0
SEQEND
  0
POLYLINE
  8
5
  6
CONTINUOUS
 62
8
 70
0
 66
1
  0
VERTEX
  8
5
  6
CONTINUOUS
 62
8
 10
8.2527053921095
 20
5.958474944246
  0
VERTEX
  8
5
  6
CONTINUOUS
 62
8
 10
8.2572774208216
 20
5.951937076163
  0
VERTEX
  8
5
  6
CONTINUOUS
 62
8
 10
8.2618494495337
 20
5.9463331892347
  0
VERTEX
  8
5
  6
CONTINUOUS
 62
8
 10
8.2673358839884
 20
5.9397953211516
  0
VERTEX
  8
5
  6
CONTINUOUS
 62
8
 10
8.2719079127005
 20
5.9341914342233
  0
VERTEX
  8
5
  6
CONTINUOUS
 62
8
 10
8.2755655356703
 20
5.9285875472951
  0
VERTEX
  8
5
  6
CONTINUOUS
 62
8
 10
8.2783087528976
 20
5.9211156980573
  0
VERTEX
  8
5
  6
CONTINUOUS
 62
8
 10
8.2801375643824
 20
5.9127098676648
  0
VERTEX
  8
5
  6
CONTINUOUS
 62
8
 10
8.2801375643824
 20
5.9033700561177
  0
VERTEX
  8
5
  6
CONTINUOUS
 62
8
 10
8.2700791012158
 20
5.9033700561177
  0
VERTEX
  8
5
  6
CONTINUOUS
 62
8
 10
8.2645926667611
 20
5.8996341314988
  0
VERTEX
  8
5
  6
CONTINUOUS
 62
8
 10
8.2609350437913
 20
5.8949642257252
  0
VERTEX
  8
5
  6
CONTINUOUS
 62
8
 10
8.260020638049
 20
5.8884263576422
  0
VERTEX
  8
5
  6
CONTINUOUS
 62
8
 10
8.2591062323066
 20
5.8818884895592
  0
VERTEX
  8
5
  6
CONTINUOUS
 62
8
 10
8.2591062323066
 20
5.8744166403214
  0
VERTEX
  8
5
  6
CONTINUOUS
 62
8
 10
8.2572774208216
 20
5.8669447910836
  0
VERTEX
  8
5
  6
CONTINUOUS
 62
8
 10
8.2536197978519
 20
5.8613409041552
  0
VERTEX
  8
5
  6
CONTINUOUS
 62
8
 10
8.2380749002306
 20
5.8641428476195
  0
VERTEX
  8
5
  6
CONTINUOUS
 62
8
 10
8.2289308428063
 20
5.8716146968573
  0
VERTEX
  8
5
  6
CONTINUOUS
 62
8
 10
8.224358814094
 20
5.8818884895592
  0
VERTEX
  8
5
  6
CONTINUOUS
 62
8
 10
8.2234444083516
 20
5.8940302445704
  0
VERTEX
  8
5
  6
CONTINUOUS
 62
8
 10
8.2234444083516
 20
5.9080399618912
  0
VERTEX
  8
5
  6
CONTINUOUS
 62
8
 10
8.224358814094
 20
5.9229836603667
  0
VERTEX
  8
5
  6
CONTINUOUS
 62
8
 10
8.224358814094
 20
5.9360593965327
  0
VERTEX
  8
5
  6
CONTINUOUS
 62
8
 10
8.2216155968667
 20
5.9482011515441
  0
VERTEX
  8
5
  6
CONTINUOUS
 62
8
 10
8.2527053921095
 20
5.958474944246
  0
SEQEND
  0
POLYLINE
  8
5
  6
CONTINUOUS
 62
8
 70
0
 66
1
  0
VERTEX
  8
5
  6
CONTINUOUS
 62
8
 10
8.3066553309129
 20
6.3367373119068
  0
VERTEX
  8
5
  6
CONTINUOUS
 62
8
 10
8.2545342035943
 20
6.217187724103
  0
VERTEX
  8
5
  6
CONTINUOUS
 62
8
 10
8.2426469289427
 20
6.3591528596201
  0
VERTEX
  8
5
  6
CONTINUOUS
 62
8
 10
8.3066553309129
 20
6.3367373119068
  0
SEQEND
  0
POLYLINE
  8
5
  6
CONTINUOUS
 62
8
 70
0
 66
1
  0
VERTEX
  8
5
  6
CONTINUOUS
 62
8
 10
8.2417325232003
 20
6.3937101623446
  0
VERTEX
  8
5
  6
CONTINUOUS
 62
8
 10
8.2545342035943
 20
6.3899742377257
  0
VERTEX
  8
5
  6
CONTINUOUS
 62
8
 10
8.2673358839884
 20
6.3834363696427
  0
VERTEX
  8
5
  6
CONTINUOUS
 62
8
 10
8.2801375643824
 20
6.3731625769409
  0
VERTEX
  8
5
  6
CONTINUOUS
 62
8
 10
8.2920248390342
 20
6.362888784239
  0
VERTEX
  8
5
  6
CONTINUOUS
 62
8
 10
8.3011688964584
 20
6.3516810103823
  0
VERTEX
  8
5
  6
CONTINUOUS
 62
8
 10
8.3066553309129
 20
6.34327517999
  0
VERTEX
  8
5
  6
CONTINUOUS
 62
8
 10
8.3084841423979
 20
6.3367373119068
  0
VERTEX
  8
5
  6
CONTINUOUS
 62
8
 10
8.3039121136857
 20
6.3348693495975
  0
VERTEX
  8
5
  6
CONTINUOUS
 62
8
 10
8.2810519701248
 20
6.3376712930616
  0
VERTEX
  8
5
  6
CONTINUOUS
 62
8
 10
8.2645926667611
 20
6.3423411988352
  0
VERTEX
  8
5
  6
CONTINUOUS
 62
8
 10
8.2545342035943
 20
6.3470111046087
  0
VERTEX
  8
5
  6
CONTINUOUS
 62
8
 10
8.2481333633974
 20
6.3535489726919
  0
VERTEX
  8
5
  6
CONTINUOUS
 62
8
 10
8.24539014617
 20
6.3600868407749
  0
VERTEX
  8
5
  6
CONTINUOUS
 62
8
 10
8.2435613346851
 20
6.3675586900126
  0
VERTEX
  8
5
  6
CONTINUOUS
 62
8
 10
8.2426469289427
 20
6.3750305392504
  0
VERTEX
  8
5
  6
CONTINUOUS
 62
8
 10
8.2408181174579
 20
6.3825023884882
  0
VERTEX
  8
5
  6
CONTINUOUS
 62
8
 10
8.2417325232003
 20
6.3937101623446
  0
SEQEND
  0
POLYLINE
  8
5
  6
CONTINUOUS
 62
8
 70
0
 66
1
  0
VERTEX
  8
5
  6
CONTINUOUS
 62
8
 10
6.3306245215163
 20
5.3653969109999
  0
VERTEX
  8
5
  6
CONTINUOUS
 62
8
 10
6.3708583741834
 20
5.0646549791806
  0
VERTEX
  8
5
  6
CONTINUOUS
 62
8
 10
8.1722376867754
 20
5.7772826002307
  0
VERTEX
  8
5
  6
CONTINUOUS
 62
8
 10
8.184124961427
 20
5.7819525060043
  0
VERTEX
  8
5
  6
CONTINUOUS
 62
8
 10
8.1941834245938
 20
5.7875563929326
  0
VERTEX
  8
5
  6
CONTINUOUS
 62
8
 10
8.2042418877606
 20
5.7950282421703
  0
VERTEX
  8
5
  6
CONTINUOUS
 62
8
 10
8.2133859451848
 20
5.8053020348722
  0
VERTEX
  8
5
  6
CONTINUOUS
 62
8
 10
8.2216155968667
 20
5.8174437898836
  0
VERTEX
  8
5
  6
CONTINUOUS
 62
8
 10
8.2280164370638
 20
5.8323874883591
  0
VERTEX
  8
5
  6
CONTINUOUS
 62
8
 10
8.2335028715185
 20
5.8520010926081
  0
VERTEX
  8
5
  6
CONTINUOUS
 62
8
 10
8.2380749002306
 20
5.8744166403214
  0
VERTEX
  8
5
  6
CONTINUOUS
 62
8
 10
8.2481333633974
 20
5.9556730007818
  0
VERTEX
  8
5
  6
CONTINUOUS
 62
8
 10
8.2517909863671
 20
6.0369293612423
  0
VERTEX
  8
5
  6
CONTINUOUS
 62
8
 10
8.2527053921095
 20
6.1181857217027
  0
VERTEX
  8
5
  6
CONTINUOUS
 62
8
 10
8.2545342035943
 20
6.2003760633179
  0
VERTEX
  8
5
  6
CONTINUOUS
 62
8
 10
7.5129511464816
 20
6.0584109278008
  0
VERTEX
  8
5
  6
CONTINUOUS
 62
8
 10
7.5266672326181
 20
5.9808904919592
  0
VERTEX
  8
5
  6
CONTINUOUS
 62
8
 10
6.3516558535923
 20
5.7511311278985
  0
VERTEX
  8
5
  6
CONTINUOUS
 62
8
 10
6.334282144486
 20
5.8361234129778
  0
VERTEX
  8
5
  6
CONTINUOUS
 62
8
 10
5.644820214692
 20
5.7072340136267
  0
VERTEX
  8
5
  6
CONTINUOUS
 62
8
 10
5.644820214692
 20
5.2626589839809
  0
VERTEX
  8
5
  6
CONTINUOUS
 62
8
 10
6.3306245215163
 20
5.3653969109999
  0
SEQEND
  0
POLYLINE
  8
5
  6
CONTINUOUS
 62
8
 70
0
 66
1
  0
VERTEX
  8
5
  6
CONTINUOUS
 62
8
 10
8.2371604944882
 20
6.5870442613713
  0
VERTEX
  8
5
  6
CONTINUOUS
 62
8
 10
8.2188723796395
 20
6.5095238255298
  0
VERTEX
  8
5
  6
CONTINUOUS
 62
8
 10
8.2033274820182
 20
6.4320033896882
  0
VERTEX
  8
5
  6
CONTINUOUS
 62
8
 10
8.1896113958817
 20
6.3554169350012
  0
VERTEX
  8
5
  6
CONTINUOUS
 62
8
 10
8.1795529327149
 20
6.2806984426238
  0
VERTEX
  8
5
  6
CONTINUOUS
 62
8
 10
8.171323281033
 20
6.2059799502463
  0
VERTEX
  8
5
  6
CONTINUOUS
 62
8
 10
8.1667512523209
 20
6.1321954390237
  0
VERTEX
  8
5
  6
CONTINUOUS
 62
8
 10
8.1658368465783
 20
6.0602788901103
  0
VERTEX
  8
5
  6
CONTINUOUS
 62
8
 10
8.1676656580633
 20
5.9902303035064
  0
VERTEX
  8
5
  6
CONTINUOUS
 62
8
 10
8.1777241212301
 20
5.9369933776874
  0
VERTEX
  8
5
  6
CONTINUOUS
 62
8
 10
8.1905258016241
 20
5.9015020938082
  0
VERTEX
  8
5
  6
CONTINUOUS
 62
8
 10
8.2033274820182
 20
5.8818884895592
  0
VERTEX
  8
5
  6
CONTINUOUS
 62
8
 10
8.2170435681546
 20
5.8762846026308
  0
VERTEX
  8
5
  6
CONTINUOUS
 62
8
 10
8.2289308428063
 20
5.8837564518685
  0
VERTEX
  8
5
  6
CONTINUOUS
 62
8
 10
8.2399037117155
 20
5.9033700561177
  0
VERTEX
  8
5
  6
CONTINUOUS
 62
8
 10
8.2472189576548
 20
5.9332574530686
  0
VERTEX
  8
5
  6
CONTINUOUS
 62
8
 10
8.2508765806245
 20
5.9724846615667
  0
VERTEX
  8
5
  6
CONTINUOUS
 62
8
 10
8.2545342035943
 20
6.1237896086311
  0
VERTEX
  8
5
  6
CONTINUOUS
 62
8
 10
8.2536197978519
 20
6.2769625180049
  0
VERTEX
  8
5
  6
CONTINUOUS
 62
8
 10
8.2481333633974
 20
6.4310694085334
  0
VERTEX
  8
5
  6
CONTINUOUS
 62
8
 10
8.2371604944882
 20
6.5870442613713
  0
SEQEND
  0
POLYLINE
  8
5
  6
CONTINUOUS
 62
8
 70
0
 66
1
  0
VERTEX
  8
5
  6
CONTINUOUS
 62
8
 10
7.5129511464816
 20
6.0584109278008
  0
VERTEX
  8
5
  6
CONTINUOUS
 62
8
 10
6.336110955971
 20
5.8361234129778
  0
VERTEX
  8
5
  6
CONTINUOUS
 62
8
 10
6.3534846650773
 20
5.7501971467437
  0
VERTEX
  8
5
  6
CONTINUOUS
 62
8
 10
7.5248384211332
 20
5.9808904919592
  0
VERTEX
  8
5
  6
CONTINUOUS
 62
8
 10
7.5129511464816
 20
6.0584109278008
  0
SEQEND
  0
POLYLINE
  8
5
  6
CONTINUOUS
 62
8
 70
0
 66
1
  0
VERTEX
  8
5
  6
CONTINUOUS
 62
8
 10
3.6770190569773
 20
3.4927646957898
  0
VERTEX
  8
5
  6
CONTINUOUS
 62
8
 10
3.6770190569773
 20
3.4395277699709
  0
VERTEX
  8
5
  6
CONTINUOUS
 62
8
 10
4.7313288780019
 20
3.4395277699709
  0
VERTEX
  8
5
  6
CONTINUOUS
 62
8
 10
4.7221848205777
 20
3.4918307146353
  0
VERTEX
  8
5
  6
CONTINUOUS
 62
8
 10
3.6770190569773
 20
3.4927646957898
  0
SEQEND
  0
POLYLINE
  8
5
  6
CONTINUOUS
 62
8
 70
0
 66
1
  0
VERTEX
  8
5
  6
CONTINUOUS
 62
8
 10
6.4010337636836
 20
3.4927646957898
  0
VERTEX
  8
5
  6
CONTINUOUS
 62
8
 10
6.4010337636836
 20
3.4404617511257
  0
VERTEX
  8
5
  6
CONTINUOUS
 62
8
 10
5.3576968115681
 20
3.4413957322805
  0
VERTEX
  8
5
  6
CONTINUOUS
 62
8
 10
5.3677552747349
 20
3.4918307146353
  0
VERTEX
  8
5
  6
CONTINUOUS
 62
8
 10
6.4010337636836
 20
3.4927646957898
  0
SEQEND
  0
POLYLINE
  8
5
  6
CONTINUOUS
 62
8
 70
0
 66
1
  0
VERTEX
  8
5
  6
CONTINUOUS
 62
8
 10
5.1124899696073
 20
1.3699774911882
  0
VERTEX
  8
5
  6
CONTINUOUS
 62
8
 10
5.1961290662107
 20
1.5962708608199
  0
VERTEX
  8
5
  6
CONTINUOUS
 62
8
 10
5.2766288937726
 20
1.3699774911882
  0
VERTEX
  8
5
  6
CONTINUOUS
 62
8
 10
5.1124899696073
 20
1.3699774911882
  0
SEQEND
  0
POLYLINE
  8
5
  6
CONTINUOUS
 62
8
 70
0
 66
1
  0
VERTEX
  8
5
  6
CONTINUOUS
 62
8
 10
4.3911307905914
 20
0.53117434029105
  0
VERTEX
  8
5
  6
CONTINUOUS
 62
8
 10
4.3608592676921
 20
0.53117434029105
  0
VERTEX
  8
5
  6
CONTINUOUS
 62
8
 10
4.3579442321536
 20
0.53026826073296
  0
VERTEX
  8
5
  6
CONTINUOUS
 62
8
 10
4.355253430118
 20
0.52755002205871
  0
VERTEX
  8
5
  6
CONTINUOUS
 62
8
 10
4.3530110950885
 20
0.52347266404732
  0
VERTEX
  8
5
  6
CONTINUOUS
 62
8
 10
4.3507687600589
 20
0.51803618669881
  0
VERTEX
  8
5
  6
CONTINUOUS
 62
8
 10
4.3491991255381
 20
0.51124059001319
  0
VERTEX
  8
5
  6
CONTINUOUS
 62
8
 10
4.3478537245204
 20
0.50353891376945
  0
VERTEX
  8
5
  6
CONTINUOUS
 62
8
 10
4.3469567905087
 20
0.49493115796764
  0
VERTEX
  8
5
  6
CONTINUOUS
 62
8
 10
4.3467325570057
 20
0.4858703623868
  0
VERTEX
  8
5
  6
CONTINUOUS
 62
8
 10
4.3467325570057
 20
0.40364364249058
  0
VERTEX
  8
5
  6
CONTINUOUS
 62
8
 10
4.3469567905087
 20
0.39435632702021
  0
VERTEX
  8
5
  6
CONTINUOUS
 62
8
 10
4.3478537245204
 20
0.38574857121842
  0
VERTEX
  8
5
  6
CONTINUOUS
 62
8
 10
4.3491991255381
 20
0.37804689497469
  0
VERTEX
  8
5
  6
CONTINUOUS
 62
8
 10
4.3507687600589
 20
0.37147781817858
  0
VERTEX
  8
5
  6
CONTINUOUS
 62
8
 10
4.3530110950885
 20
0.36581482094054
  0
VERTEX
  8
5
  6
CONTINUOUS
 62
8
 10
4.355253430118
 20
0.36173746292916
  0
VERTEX
  8
5
  6
CONTINUOUS
 62
8
 10
4.3579442321536
 20
0.35901922425492
  0
VERTEX
  8
5
  6
CONTINUOUS
 62
8
 10
4.3608592676921
 20
0.35811314469682
  0
VERTEX
  8
5
  6
CONTINUOUS
 62
8
 10
4.3911307905914
 20
0.35811314469682
  0
VERTEX
  8
5
  6
CONTINUOUS
 62
8
 10
4.3940458261298
 20
0.35901922425492
  0
VERTEX
  8
5
  6
CONTINUOUS
 62
8
 10
4.3967366281653
 20
0.36173746292916
  0
VERTEX
  8
5
  6
CONTINUOUS
 62
8
 10
4.398978963195
 20
0.36581482094054
  0
VERTEX
  8
5
  6
CONTINUOUS
 62
8
 10
4.4012212982244
 20
0.37147781817858
  0
VERTEX
  8
5
  6
CONTINUOUS
 62
8
 10
4.4027909327452
 20
0.37804689497469
  0
VERTEX
  8
5
  6
CONTINUOUS
 62
8
 10
4.4041363337629
 20
0.38574857121842
  0
VERTEX
  8
5
  6
CONTINUOUS
 62
8
 10
4.4050332677748
 20
0.39435632702021
  0
VERTEX
  8
5
  6
CONTINUOUS
 62
8
 10
4.4052575012778
 20
0.40364364249058
  0
VERTEX
  8
5
  6
CONTINUOUS
 62
8
 10
4.4052575012778
 20
0.4858703623868
  0
VERTEX
  8
5
  6
CONTINUOUS
 62
8
 10
4.4050332677748
 20
0.49493115796764
  0
VERTEX
  8
5
  6
CONTINUOUS
 62
8
 10
4.4041363337629
 20
0.50353891376945
  0
VERTEX
  8
5
  6
CONTINUOUS
 62
8
 10
4.4027909327452
 20
0.51124059001319
  0
VERTEX
  8
5
  6
CONTINUOUS
 62
8
 10
4.4012212982244
 20
0.51803618669881
  0
VERTEX
  8
5
  6
CONTINUOUS
 62
8
 10
4.398978963195
 20
0.52347266404732
  0
VERTEX
  8
5
  6
CONTINUOUS
 62
8
 10
4.3967366281653
 20
0.52755002205871
  0
VERTEX
  8
5
  6
CONTINUOUS
 62
8
 10
4.3940458261298
 20
0.53026826073296
  0
VERTEX
  8
5
  6
CONTINUOUS
 62
8
 10
4.3911307905914
 20
0.53117434029105
  0
SEQEND
  0
POLYLINE
  8
5
  6
CONTINUOUS
 62
8
 70
0
 66
1
  0
VERTEX
  8
5
  6
CONTINUOUS
 62
8
 10
4.7911633598684
 20
0.93437974363885
  0
VERTEX
  8
5
  6
CONTINUOUS
 62
8
 10
4.7790547507087
 20
0.93483278341788
  0
VERTEX
  8
5
  6
CONTINUOUS
 62
8
 10
4.7673946085549
 20
0.93619190275502
  0
VERTEX
  8
5
  6
CONTINUOUS
 62
8
 10
4.7557344664012
 20
0.93823058176071
  0
VERTEX
  8
5
  6
CONTINUOUS
 62
8
 10
4.7442985577502
 20
0.94094882043496
  0
VERTEX
  8
5
  6
CONTINUOUS
 62
8
 10
4.7333111161054
 20
0.94479965855682
  0
VERTEX
  8
5
  6
CONTINUOUS
 62
8
 10
4.7225479079634
 20
0.94933005634725
  0
VERTEX
  8
5
  6
CONTINUOUS
 62
8
 10
4.7124574003302
 20
0.95499305358528
  0
VERTEX
  8
5
  6
CONTINUOUS
 62
8
 10
4.7025911262001
 20
0.96156213038139
  0
VERTEX
  8
5
  6
CONTINUOUS
 62
8
 10
4.6936217860818
 20
0.96903728673561
  0
VERTEX
  8
5
  6
CONTINUOUS
 62
8
 10
4.6851009129693
 20
0.9776450425374
  0
VERTEX
  8
5
  6
CONTINUOUS
 62
8
 10
4.6772527403657
 20
0.98738539778682
  0
VERTEX
  8
5
  6
CONTINUOUS
 62
8
 10
4.6700772682711
 20
0.99803183259431
  0
VERTEX
  8
5
  6
CONTINUOUS
 62
8
 10
4.6637987301883
 20
1.0100373867389
  0
VERTEX
  8
5
  6
CONTINUOUS
 62
8
 10
4.6584171261174
 20
1.0231755403312
  0
VERTEX
  8
5
  6
CONTINUOUS
 62
8
 10
4.6539324560582
 20
1.037446293371
  0
VERTEX
  8
5
  6
CONTINUOUS
 62
8
 10
4.6503447200108
 20
1.053076165748
  0
VERTEX
  8
5
  6
CONTINUOUS
 62
8
 10
4.6503447200108
 20
1.2621540237761
  0
VERTEX
  8
5
  6
CONTINUOUS
 62
8
 10
4.6505689535138
 20
1.2811816944959
  0
VERTEX
  8
5
  6
CONTINUOUS
 62
8
 10
4.6519143545315
 20
1.2979441663204
  0
VERTEX
  8
5
  6
CONTINUOUS
 62
8
 10
4.6541566895612
 20
1.3122149193603
  0
VERTEX
  8
5
  6
CONTINUOUS
 62
8
 10
4.6575201921054
 20
1.3246735132839
  0
VERTEX
  8
5
  6
CONTINUOUS
 62
8
 10
4.6617806286618
 20
1.3350934282019
  0
VERTEX
  8
5
  6
CONTINUOUS
 62
8
 10
4.6671622327327
 20
1.3437011840037
  0
VERTEX
  8
5
  6
CONTINUOUS
 62
8
 10
4.6738892378215
 20
1.3509498204684
  0
VERTEX
  8
5
  6
CONTINUOUS
 62
8
 10
4.6817374104249
 20
1.3566128177064
  0
VERTEX
  8
5
  6
CONTINUOUS
 62
8
 10
4.6907067505434
 20
1.3609166956073
  0
VERTEX
  8
5
  6
CONTINUOUS
 62
8
 10
4.7010214916794
 20
1.3643144939502
  0
VERTEX
  8
5
  6
CONTINUOUS
 62
8
 10
4.7124574003302
 20
1.3665796928454
  0
VERTEX
  8
5
  6
CONTINUOUS
 62
8
 10
4.7254629435018
 20
1.368165332072
  0
VERTEX
  8
5
  6
CONTINUOUS
 62
8
 10
4.739813887691
 20
1.3690714116301
  0
VERTEX
  8
5
  6
CONTINUOUS
 62
8
 10
4.7552859993952
 20
1.3695244514091
  0
VERTEX
  8
5
  6
CONTINUOUS
 62
8
 10
4.772551979123
 20
1.3697509712987
  0
VERTEX
  8
5
  6
CONTINUOUS
 62
8
 10
4.7911633598684
 20
1.3697509712987
  0
VERTEX
  8
5
  6
CONTINUOUS
 62
8
 10
5.295912975027
 20
1.3692979315196
  0
VERTEX
  8
5
  6
CONTINUOUS
 62
8
 10
5.3156455232873
 20
1.3695244514091
  0
VERTEX
  8
5
  6
CONTINUOUS
 62
8
 10
5.3335842035239
 20
1.3692979315196
  0
VERTEX
  8
5
  6
CONTINUOUS
 62
8
 10
5.349729015737
 20
1.3688448917406
  0
VERTEX
  8
5
  6
CONTINUOUS
 62
8
 10
5.3643041934292
 20
1.3679388121825
  0
VERTEX
  8
5
  6
CONTINUOUS
 62
8
 10
5.3773097366006
 20
1.3663531729558
  0
VERTEX
  8
5
  6
CONTINUOUS
 62
8
 10
5.3887456452516
 20
1.3640879740606
  0
VERTEX
  8
5
  6
CONTINUOUS
 62
8
 10
5.3988361528847
 20
1.3606901757178
  0
VERTEX
  8
5
  6
CONTINUOUS
 62
8
 10
5.4075812595002
 20
1.3563862978169
  0
VERTEX
  8
5
  6
CONTINUOUS
 62
8
 10
5.4152051986005
 20
1.3504967806894
  0
VERTEX
  8
5
  6
CONTINUOUS
 62
8
 10
5.4214837366834
 20
1.3434746641142
  0
VERTEX
  8
5
  6
CONTINUOUS
 62
8
 10
5.4264168737485
 20
1.3346403884229
  0
VERTEX
  8
5
  6
CONTINUOUS
 62
8
 10
5.4306773103047
 20
1.3242204735049
  0
VERTEX
  8
5
  6
CONTINUOUS
 62
8
 10
5.4335923458431
 20
1.3119883994708
  0
VERTEX
  8
5
  6
CONTINUOUS
 62
8
 10
5.4358346808728
 20
1.2977176464309
  0
VERTEX
  8
5
  6
CONTINUOUS
 62
8
 10
5.4371800818905
 20
1.2811816944959
  0
VERTEX
  8
5
  6
CONTINUOUS
 62
8
 10
5.4378527823995
 20
1.2623805436656
  0
VERTEX
  8
5
  6
CONTINUOUS
 62
8
 10
5.4376285488965
 20
1.0514905265213
  0
VERTEX
  8
5
  6
CONTINUOUS
 62
8
 10
5.4344892798551
 20
1.036993253592
  0
VERTEX
  8
5
  6
CONTINUOUS
 62
8
 10
5.4302288432989
 20
1.0234020602207
  0
VERTEX
  8
5
  6
CONTINUOUS
 62
8
 10
5.4248472392278
 20
1.0107169464075
  0
VERTEX
  8
5
  6
CONTINUOUS
 62
8
 10
5.4187929346479
 20
0.99916443204192
  0
VERTEX
  8
5
  6
CONTINUOUS
 62
8
 10
5.4116174625533
 20
0.98851799723443
  0
VERTEX
  8
5
  6
CONTINUOUS
 62
8
 10
5.4037692899498
 20
0.97877764198501
  0
VERTEX
  8
5
  6
CONTINUOUS
 62
8
 10
5.3952484168374
 20
0.96994336629368
  0
VERTEX
  8
5
  6
CONTINUOUS
 62
8
 10
5.3860548432162
 20
0.96224169004997
  0
VERTEX
  8
5
  6
CONTINUOUS
 62
8
 10
5.3761885690859
 20
0.9552195734748
  0
VERTEX
  8
5
  6
CONTINUOUS
 62
8
 10
5.3656495944469
 20
0.94933005634725
  0
VERTEX
  8
5
  6
CONTINUOUS
 62
8
 10
5.3546621528019
 20
0.9445731386673
  0
VERTEX
  8
5
  6
CONTINUOUS
 62
8
 10
5.3434504776541
 20
0.94049578065593
  0
VERTEX
  8
5
  6
CONTINUOUS
 62
8
 10
5.3315661019974
 20
0.93755102209215
  0
VERTEX
  8
5
  6
CONTINUOUS
 62
8
 10
5.3196817263404
 20
0.93573886297598
  0
VERTEX
  8
5
  6
CONTINUOUS
 62
8
 10
5.3073488836779
 20
0.93460626352837
  0
VERTEX
  8
5
  6
CONTINUOUS
 62
8
 10
5.2947918075122
 20
0.93460626352837
  0
VERTEX
  8
5
  6
CONTINUOUS
 62
8
 10
4.7911633598684
 20
0.93437974363885
  0
SEQEND
  0
POLYLINE
  8
5
  6
CONTINUOUS
 62
8
 70
0
 66
1
  0
VERTEX
  8
5
  6
CONTINUOUS
 62
8
 10
5.0438745177022
 20
1.4016902757212
  0
VERTEX
  8
5
  6
CONTINUOUS
 62
8
 10
5.0481349542583
 20
1.4021433155002
  0
VERTEX
  8
5
  6
CONTINUOUS
 62
8
 10
5.0521711573117
 20
1.4035024348373
  0
VERTEX
  8
5
  6
CONTINUOUS
 62
8
 10
5.0557588933589
 20
1.4057676337326
  0
VERTEX
  8
5
  6
CONTINUOUS
 62
8
 10
5.0591223959033
 20
1.4087123922963
  0
VERTEX
  8
5
  6
CONTINUOUS
 62
8
 10
5.0615889644358
 20
1.4121101906391
  0
VERTEX
  8
5
  6
CONTINUOUS
 62
8
 10
5.0636070659625
 20
1.415961028761
  0
VERTEX
  8
5
  6
CONTINUOUS
 62
8
 10
5.0649524669802
 20
1.4202649066619
  0
VERTEX
  8
5
  6
CONTINUOUS
 62
8
 10
5.0654009339862
 20
1.4247953044523
  0
VERTEX
  8
5
  6
CONTINUOUS
 62
8
 10
5.0649524669802
 20
1.4293257022427
  0
VERTEX
  8
5
  6
CONTINUOUS
 62
8
 10
5.0636070659625
 20
1.4336295801436
  0
VERTEX
  8
5
  6
CONTINUOUS
 62
8
 10
5.0615889644358
 20
1.4374804182655
  0
VERTEX
  8
5
  6
CONTINUOUS
 62
8
 10
5.0591223959033
 20
1.4408782166083
  0
VERTEX
  8
5
  6
CONTINUOUS
 62
8
 10
5.0557588933589
 20
1.4438229751721
  0
VERTEX
  8
5
  6
CONTINUOUS
 62
8
 10
5.0521711573117
 20
1.4460881740673
  0
VERTEX
  8
5
  6
CONTINUOUS
 62
8
 10
5.0481349542583
 20
1.4474472934045
  0
VERTEX
  8
5
  6
CONTINUOUS
 62
8
 10
5.0438745177022
 20
1.4479003331835
  0
VERTEX
  8
5
  6
CONTINUOUS
 62
8
 10
5.039614081146
 20
1.4474472934045
  0
VERTEX
  8
5
  6
CONTINUOUS
 62
8
 10
5.0358021115956
 20
1.4460881740673
  0
VERTEX
  8
5
  6
CONTINUOUS
 62
8
 10
5.0322143755484
 20
1.4438229751721
  0
VERTEX
  8
5
  6
CONTINUOUS
 62
8
 10
5.028850873004
 20
1.4408782166083
  0
VERTEX
  8
5
  6
CONTINUOUS
 62
8
 10
5.0263843044715
 20
1.4374804182655
  0
VERTEX
  8
5
  6
CONTINUOUS
 62
8
 10
5.0243662029448
 20
1.4336295801436
  0
VERTEX
  8
5
  6
CONTINUOUS
 62
8
 10
5.0230208019271
 20
1.4293257022427
  0
VERTEX
  8
5
  6
CONTINUOUS
 62
8
 10
5.0225723349211
 20
1.4247953044523
  0
VERTEX
  8
5
  6
CONTINUOUS
 62
8
 10
5.0230208019271
 20
1.4202649066619
  0
VERTEX
  8
5
  6
CONTINUOUS
 62
8
 10
5.0243662029448
 20
1.415961028761
  0
VERTEX
  8
5
  6
CONTINUOUS
 62
8
 10
5.0263843044715
 20
1.4121101906391
  0
VERTEX
  8
5
  6
CONTINUOUS
 62
8
 10
5.028850873004
 20
1.4087123922963
  0
VERTEX
  8
5
  6
CONTINUOUS
 62
8
 10
5.0322143755484
 20
1.4057676337326
  0
VERTEX
  8
5
  6
CONTINUOUS
 62
8
 10
5.0358021115956
 20
1.4035024348373
  0
VERTEX
  8
5
  6
CONTINUOUS
 62
8
 10
5.039614081146
 20
1.4021433155002
  0
VERTEX
  8
5
  6
CONTINUOUS
 62
8
 10
5.0438745177022
 20
1.4016902757212
  0
SEQEND
  0
POLYLINE
  8
5
  6
CONTINUOUS
 62
8
 70
0
 66
1
  0
VERTEX
  8
5
  6
CONTINUOUS
 62
8
 10
5.0571042943766
 20
0.53117434029105
  0
VERTEX
  8
5
  6
CONTINUOUS
 62
8
 10
5.0268327714773
 20
0.53117434029105
  0
VERTEX
  8
5
  6
CONTINUOUS
 62
8
 10
5.0239177359389
 20
0.53026826073296
  0
VERTEX
  8
5
  6
CONTINUOUS
 62
8
 10
5.0212269339034
 20
0.52777654194822
  0
VERTEX
  8
5
  6
CONTINUOUS
 62
8
 10
5.0189845988737
 20
0.52347266404732
  0
VERTEX
  8
5
  6
CONTINUOUS
 62
8
 10
5.0167422638443
 20
0.51803618669881
  0
VERTEX
  8
5
  6
CONTINUOUS
 62
8
 10
5.0151726293236
 20
0.5114671099027
  0
VERTEX
  8
5
  6
CONTINUOUS
 62
8
 10
5.0138272283058
 20
0.50376543365897
  0
VERTEX
  8
5
  6
CONTINUOUS
 62
8
 10
5.0129302942939
 20
0.49515767785718
  0
VERTEX
  8
5
  6
CONTINUOUS
 62
8
 10
5.0127060607911
 20
0.4858703623868
  0
VERTEX
  8
5
  6
CONTINUOUS
 62
8
 10
5.0127060607911
 20
0.40364364249058
  0
VERTEX
  8
5
  6
CONTINUOUS
 62
8
 10
5.0129302942939
 20
0.39435632702021
  0
VERTEX
  8
5
  6
CONTINUOUS
 62
8
 10
5.0138272283058
 20
0.38597509110794
  0
VERTEX
  8
5
  6
CONTINUOUS
 62
8
 10
5.0151726293236
 20
0.3782734148642
  0
VERTEX
  8
5
  6
CONTINUOUS
 62
8
 10
5.0167422638443
 20
0.37147781817858
  0
VERTEX
  8
5
  6
CONTINUOUS
 62
8
 10
5.0189845988737
 20
0.36604134083007
  0
VERTEX
  8
5
  6
CONTINUOUS
 62
8
 10
5.0212269339034
 20
0.36196398281868
  0
VERTEX
  8
5
  6
CONTINUOUS
 62
8
 10
5.0239177359389
 20
0.35924574414443
  0
VERTEX
  8
5
  6
CONTINUOUS
 62
8
 10
5.0268327714773
 20
0.35833966458634
  0
VERTEX
  8
5
  6
CONTINUOUS
 62
8
 10
5.0571042943766
 20
0.35833966458634
  0
VERTEX
  8
5
  6
CONTINUOUS
 62
8
 10
5.0600193299151
 20
0.35924574414443
  0
VERTEX
  8
5
  6
CONTINUOUS
 62
8
 10
5.0627101319507
 20
0.36196398281868
  0
VERTEX
  8
5
  6
CONTINUOUS
 62
8
 10
5.0649524669802
 20
0.36604134083007
  0
VERTEX
  8
5
  6
CONTINUOUS
 62
8
 10
5.0671948020099
 20
0.37147781817858
  0
VERTEX
  8
5
  6
CONTINUOUS
 62
8
 10
5.0687644365306
 20
0.3782734148642
  0
VERTEX
  8
5
  6
CONTINUOUS
 62
8
 10
5.0701098375483
 20
0.38597509110794
  0
VERTEX
  8
5
  6
CONTINUOUS
 62
8
 10
5.0710067715601
 20
0.39435632702021
  0
VERTEX
  8
5
  6
CONTINUOUS
 62
8
 10
5.071231005063
 20
0.40364364249058
  0
VERTEX
  8
5
  6
CONTINUOUS
 62
8
 10
5.071231005063
 20
0.4858703623868
  0
VERTEX
  8
5
  6
CONTINUOUS
 62
8
 10
5.0710067715601
 20
0.49515767785718
  0
VERTEX
  8
5
  6
CONTINUOUS
 62
8
 10
5.0701098375483
 20
0.50376543365897
  0
VERTEX
  8
5
  6
CONTINUOUS
 62
8
 10
5.0687644365306
 20
0.5114671099027
  0
VERTEX
  8
5
  6
CONTINUOUS
 62
8
 10
5.0671948020099
 20
0.51803618669881
  0
VERTEX
  8
5
  6
CONTINUOUS
 62
8
 10
5.0649524669802
 20
0.52347266404732
  0
VERTEX
  8
5
  6
CONTINUOUS
 62
8
 10
5.0627101319507
 20
0.52777654194822
  0
VERTEX
  8
5
  6
CONTINUOUS
 62
8
 10
5.0600193299151
 20
0.53026826073296
  0
VERTEX
  8
5
  6
CONTINUOUS
 62
8
 10
5.0571042943766
 20
0.53117434029105
  0
SEQEND
  0
POLYLINE
  8
5
  6
CONTINUOUS
 62
8
 70
0
 66
1
  0
VERTEX
  8
5
  6
CONTINUOUS
 62
8
 10
4.9869192079509
 20
0.41338399774
  0
VERTEX
  8
5
  6
CONTINUOUS
 62
8
 10
5.0992601929329
 20
0.41406355740857
  0
VERTEX
  8
5
  6
CONTINUOUS
 62
8
 10
5.0976905584122
 20
0.42448347232655
  0
VERTEX
  8
5
  6
CONTINUOUS
 62
8
 10
5.0967936244002
 20
0.43626250658165
  0
VERTEX
  8
5
  6
CONTINUOUS
 62
8
 10
5.0961209238915
 20
0.4484945806158
  0
VERTEX
  8
5
  6
CONTINUOUS
 62
8
 10
5.0952239898795
 20
0.46072665464994
  0
VERTEX
  8
5
  6
CONTINUOUS
 62
8
 10
5.0941028223648
 20
0.47159960934697
  0
VERTEX
  8
5
  6
CONTINUOUS
 62
8
 10
5.0920847208381
 20
0.48066040492781
  0
VERTEX
  8
5
  6
CONTINUOUS
 62
8
 10
5.0889454517967
 20
0.48677644194488
  0
VERTEX
  8
5
  6
CONTINUOUS
 62
8
 10
5.0844607817375
 20
0.48926816072961
  0
VERTEX
  8
5
  6
CONTINUOUS
 62
8
 10
5.0813215126961
 20
0.49878199608952
  0
VERTEX
  8
5
  6
CONTINUOUS
 62
8
 10
5.0786307106606
 20
0.50920191100748
  0
VERTEX
  8
5
  6
CONTINUOUS
 62
8
 10
5.0761641421282
 20
0.52030138559403
  0
VERTEX
  8
5
  6
CONTINUOUS
 62
8
 10
5.0736975735955
 20
0.53094782040152
  0
VERTEX
  8
5
  6
CONTINUOUS
 62
8
 10
5.0707825380571
 20
0.54091469554045
  0
VERTEX
  8
5
  6
CONTINUOUS
 62
8
 10
5.0671948020099
 20
0.54929593145275
  0
VERTEX
  8
5
  6
CONTINUOUS
 62
8
 10
5.0627101319507
 20
0.55586500824885
  0
VERTEX
  8
5
  6
CONTINUOUS
 62
8
 10
5.0571042943766
 20
0.55994236626025
  0
VERTEX
  8
5
  6
CONTINUOUS
 62
8
 10
5.028178172495
 20
0.55994236626025
  0
VERTEX
  8
5
  6
CONTINUOUS
 62
8
 10
5.0216754009094
 20
0.55473240880126
  0
VERTEX
  8
5
  6
CONTINUOUS
 62
8
 10
5.0167422638443
 20
0.54748377233658
  0
VERTEX
  8
5
  6
CONTINUOUS
 62
8
 10
5.0131545277969
 20
0.53864949664525
  0
VERTEX
  8
5
  6
CONTINUOUS
 62
8
 10
5.0104637257614
 20
0.52890914139583
  0
VERTEX
  8
5
  6
CONTINUOUS
 62
8
 10
5.0084456242347
 20
0.51848922647785
  0
VERTEX
  8
5
  6
CONTINUOUS
 62
8
 10
5.0064275227082
 20
0.50806931155987
  0
VERTEX
  8
5
  6
CONTINUOUS
 62
8
 10
5.0041851876786
 20
0.49787591653142
  0
VERTEX
  8
5
  6
CONTINUOUS
 62
8
 10
5.0012701521401
 20
0.48836208117154
  0
VERTEX
  8
5
  6
CONTINUOUS
 62
8
 10
4.996561248578
 20
0.48632340216583
  0
VERTEX
  8
5
  6
CONTINUOUS
 62
8
 10
4.9931977460336
 20
0.48043388503829
  0
VERTEX
  8
5
  6
CONTINUOUS
 62
8
 10
4.9911796445071
 20
0.47137308945743
  0
VERTEX
  8
5
  6
CONTINUOUS
 62
8
 10
4.9900584769922
 20
0.46050013476042
  0
VERTEX
  8
5
  6
CONTINUOUS
 62
8
 10
4.9896100099864
 20
0.44826806072627
  0
VERTEX
  8
5
  6
CONTINUOUS
 62
8
 10
4.9889373094774
 20
0.43558294691309
  0
VERTEX
  8
5
  6
CONTINUOUS
 62
8
 10
4.9882646089686
 20
0.42380391265798
  0
VERTEX
  8
5
  6
CONTINUOUS
 62
8
 10
4.9869192079509
 20
0.41338399774
  0
SEQEND
  0
POLYLINE
  8
5
  6
CONTINUOUS
 62
8
 70
0
 66
1
  0
VERTEX
  8
5
  6
CONTINUOUS
 62
8
 10
5.0279539389922
 20
0.56243408504498
  0
VERTEX
  8
5
  6
CONTINUOUS
 62
8
 10
5.028402405998
 20
1.0116230259656
  0
VERTEX
  8
5
  6
CONTINUOUS
 62
8
 10
5.0559831268619
 20
1.0120760657446
  0
VERTEX
  8
5
  6
CONTINUOUS
 62
8
 10
5.0566558273708
 20
0.56288712482403
  0
VERTEX
  8
5
  6
CONTINUOUS
 62
8
 10
5.0279539389922
 20
0.56243408504498
  0
SEQEND
  0
POLYLINE
  8
5
  6
CONTINUOUS
 62
8
 70
0
 66
1
  0
VERTEX
  8
5
  6
CONTINUOUS
 62
8
 10
4.9023831773356
 20
1.2904690099662
  0
VERTEX
  8
5
  6
CONTINUOUS
 62
8
 10
4.9609081216078
 20
1.196916295594
  0
VERTEX
  8
5
  6
CONTINUOUS
 62
8
 10
5.1277378478085
 20
1.1982754149311
  0
VERTEX
  8
5
  6
CONTINUOUS
 62
8
 10
5.1862627920805
 20
1.2916016094138
  0
VERTEX
  8
5
  6
CONTINUOUS
 62
8
 10
4.9023831773356
 20
1.2904690099662
  0
SEQEND
  0
POLYLINE
  8
5
  6
CONTINUOUS
 62
8
 70
0
 66
1
  0
VERTEX
  8
5
  6
CONTINUOUS
 62
8
 10
4.7203055729337
 20
1.3233143939468
  0
VERTEX
  8
5
  6
CONTINUOUS
 62
8
 10
4.7351049841289
 20
1.282993853612
  0
VERTEX
  8
5
  6
CONTINUOUS
 62
8
 10
4.8324223244127
 20
1.3382647066552
  0
VERTEX
  8
5
  6
CONTINUOUS
 62
8
 10
5.2503935739265
 20
1.3384912265447
  0
VERTEX
  8
5
  6
CONTINUOUS
 62
8
 10
5.3528682847784
 20
1.2838999331701
  0
VERTEX
  8
5
  6
CONTINUOUS
 62
8
 10
5.3676676959736
 20
1.3242204735049
  0
VERTEX
  8
5
  6
CONTINUOUS
 62
8
 10
5.2503935739265
 20
1.357745417154
  0
VERTEX
  8
5
  6
CONTINUOUS
 62
8
 10
4.831076923395
 20
1.3575188972645
  0
VERTEX
  8
5
  6
CONTINUOUS
 62
8
 10
4.7203055729337
 20
1.3233143939468
  0
SEQEND
  0
POLYLINE
  8
5
  6
CONTINUOUS
 62
8
 70
0
 66
1
  0
VERTEX
  8
5
  6
CONTINUOUS
 62
8
 10
1.957300349485
 20
2.1619653338321
  0
VERTEX
  8
5
  6
CONTINUOUS
 62
8
 10
1.9245622580532
 20
1.3424426905743
  0
VERTEX
  8
5
  6
CONTINUOUS
 62
8
 10
1.8895818315917
 20
1.1871463486652
  0
VERTEX
  8
5
  6
CONTINUOUS
 62
8
 10
1.8808367249764
 20
1.1760952981174
  0
VERTEX
  8
5
  6
CONTINUOUS
 62
8
 10
1.8734370193787
 20
1.1694065043648
  0
VERTEX
  8
5
  6
CONTINUOUS
 62
8
 10
1.8676069483018
 20
1.1667891502876
  0
VERTEX
  8
5
  6
CONTINUOUS
 62
8
 10
1.8628980447397
 20
1.167370784527
  0
VERTEX
  8
5
  6
CONTINUOUS
 62
8
 10
1.8593103086924
 20
1.1705697728435
  0
VERTEX
  8
5
  6
CONTINUOUS
 62
8
 10
1.8568437401599
 20
1.1752228467583
  0
VERTEX
  8
5
  6
CONTINUOUS
 62
8
 10
1.8550498721362
 20
1.1810391891519
  0
VERTEX
  8
5
  6
CONTINUOUS
 62
8
 10
1.8541529381243
 20
1.1871463486652
  0
VERTEX
  8
5
  6
CONTINUOUS
 62
8
 10
1.9250107250591
 20
2.1613836995927
  0
VERTEX
  8
5
  6
CONTINUOUS
 62
8
 10
1.9250107250591
 20
2.1663275906273
  0
VERTEX
  8
5
  6
CONTINUOUS
 62
8
 10
1.9259076590709
 20
2.1712714816619
  0
VERTEX
  8
5
  6
CONTINUOUS
 62
8
 10
1.9272530600887
 20
2.1762153726965
  0
VERTEX
  8
5
  6
CONTINUOUS
 62
8
 10
1.9294953951182
 20
2.1808684466113
  0
VERTEX
  8
5
  6
CONTINUOUS
 62
8
 10
1.9319619636508
 20
2.1852307034065
  0
VERTEX
  8
5
  6
CONTINUOUS
 62
8
 10
1.9348769991892
 20
2.1893021430821
  0
VERTEX
  8
5
  6
CONTINUOUS
 62
8
 10
1.9380162682307
 20
2.1922103142787
  0
VERTEX
  8
5
  6
CONTINUOUS
 62
8
 10
1.9411555372721
 20
2.1945368512363
  0
VERTEX
  8
5
  6
CONTINUOUS
 62
8
 10
1.9445190398164
 20
2.1959909368347
  0
VERTEX
  8
5
  6
CONTINUOUS
 62
8
 10
1.9476583088579
 20
2.1959909368347
  0
VERTEX
  8
5
  6
CONTINUOUS
 62
8
 10
1.9505733443963
 20
2.1945368512363
  0
VERTEX
  8
5
  6
CONTINUOUS
 62
8
 10
1.9530399129288
 20
2.1919194971591
  0
VERTEX
  8
5
  6
CONTINUOUS
 62
8
 10
1.9550580144555
 20
2.1872664232443
  0
VERTEX
  8
5
  6
CONTINUOUS
 62
8
 10
1.9566276489762
 20
2.1808684466113
  0
VERTEX
  8
5
  6
CONTINUOUS
 62
8
 10
1.957300349485
 20
2.1724347501405
  0
VERTEX
  8
5
  6
CONTINUOUS
 62
8
 10
1.957300349485
 20
2.1619653338321
  0
SEQEND
  0
POLYLINE
  8
5
  6
CONTINUOUS
 62
8
 70
0
 66
1
  0
VERTEX
  8
5
  6
CONTINUOUS
 62
8
 10
4.6516901210285
 20
1.309496680686
  0
VERTEX
  8
5
  6
CONTINUOUS
 62
8
 10
1.9097628468579
 20
1.303833683448
  0
VERTEX
  8
5
  6
CONTINUOUS
 62
8
 10
1.9057266438047
 20
1.299076765768
  0
VERTEX
  8
5
  6
CONTINUOUS
 62
8
 10
1.9023631412603
 20
1.293866808309
  0
VERTEX
  8
5
  6
CONTINUOUS
 62
8
 10
1.8998965727278
 20
1.288203811071
  0
VERTEX
  8
5
  6
CONTINUOUS
 62
8
 10
1.8983269382071
 20
1.282540813833
  0
VERTEX
  8
5
  6
CONTINUOUS
 62
8
 10
1.8978784712012
 20
1.2764247768159
  0
VERTEX
  8
5
  6
CONTINUOUS
 62
8
 10
1.8992238722189
 20
1.2703087397988
  0
VERTEX
  8
5
  6
CONTINUOUS
 62
8
 10
1.9023631412603
 20
1.2637396630027
  0
VERTEX
  8
5
  6
CONTINUOUS
 62
8
 10
1.9072962783254
 20
1.2573971060961
  0
VERTEX
  8
5
  6
CONTINUOUS
 62
8
 10
4.6501204865078
 20
1.1733582270837
  0
VERTEX
  8
5
  6
CONTINUOUS
 62
8
 10
4.6516901210285
 20
1.309496680686
  0
SEQEND
  0
POLYLINE
  8
5
  6
CONTINUOUS
 62
8
 70
0
 66
1
  0
VERTEX
  8
5
  6
CONTINUOUS
 62
8
 10
4.7328626490994
 20
1.2843529729492
  0
VERTEX
  8
5
  6
CONTINUOUS
 62
8
 10
3.6735835811257
 20
1.282540813833
  0
VERTEX
  8
5
  6
CONTINUOUS
 62
8
 10
3.6695473780725
 20
1.2843529729492
  0
VERTEX
  8
5
  6
CONTINUOUS
 62
8
 10
3.6655111750193
 20
1.2870712116234
  0
VERTEX
  8
5
  6
CONTINUOUS
 62
8
 10
3.6614749719659
 20
1.2902424900767
  0
VERTEX
  8
5
  6
CONTINUOUS
 62
8
 10
3.6576630024157
 20
1.2943198480881
  0
VERTEX
  8
5
  6
CONTINUOUS
 62
8
 10
3.6540752663683
 20
1.298623725989
  0
VERTEX
  8
5
  6
CONTINUOUS
 62
8
 10
3.6507117638239
 20
1.3036071635585
  0
VERTEX
  8
5
  6
CONTINUOUS
 62
8
 10
3.6475724947825
 20
1.3088171210174
  0
VERTEX
  8
5
  6
CONTINUOUS
 62
8
 10
3.6446574592441
 20
1.314253598366
  0
VERTEX
  8
5
  6
CONTINUOUS
 62
8
 10
3.6421908907116
 20
1.319916595604
  0
VERTEX
  8
5
  6
CONTINUOUS
 62
8
 10
3.6399485556819
 20
1.325579592842
  0
VERTEX
  8
5
  6
CONTINUOUS
 62
8
 10
3.6383789211612
 20
1.3312425900801
  0
VERTEX
  8
5
  6
CONTINUOUS
 62
8
 10
3.6370335201435
 20
1.3366790674286
  0
VERTEX
  8
5
  6
CONTINUOUS
 62
8
 10
3.6361365861317
 20
1.3421155447771
  0
VERTEX
  8
5
  6
CONTINUOUS
 62
8
 10
3.6359123526287
 20
1.3470989823465
  0
VERTEX
  8
5
  6
CONTINUOUS
 62
8
 10
3.6361365861317
 20
1.351629380137
  0
VERTEX
  8
5
  6
CONTINUOUS
 62
8
 10
3.6370335201435
 20
1.3557067381483
  0
VERTEX
  8
5
  6
CONTINUOUS
 62
8
 10
3.6383789211612
 20
1.3514028602474
  0
VERTEX
  8
5
  6
CONTINUOUS
 62
8
 10
3.6399485556819
 20
1.3475520221256
  0
VERTEX
  8
5
  6
CONTINUOUS
 62
8
 10
3.6415181902026
 20
1.3439277038932
  0
VERTEX
  8
5
  6
CONTINUOUS
 62
8
 10
3.6433120582263
 20
1.3407564254399
  0
VERTEX
  8
5
  6
CONTINUOUS
 62
8
 10
3.64510592625
 20
1.3375851469867
  0
VERTEX
  8
5
  6
CONTINUOUS
 62
8
 10
3.6471240277767
 20
1.3348669083124
  0
VERTEX
  8
5
  6
CONTINUOUS
 62
8
 10
3.6491421293032
 20
1.3323751895277
  0
VERTEX
  8
5
  6
CONTINUOUS
 62
8
 10
3.6513844643329
 20
1.330336510522
  0
VERTEX
  8
5
  6
CONTINUOUS
 62
8
 10
3.6538510328654
 20
1.3282978315163
  0
VERTEX
  8
5
  6
CONTINUOUS
 62
8
 10
3.656317601398
 20
1.3267121922896
  0
VERTEX
  8
5
  6
CONTINUOUS
 62
8
 10
3.6590084034335
 20
1.325126553063
  0
VERTEX
  8
5
  6
CONTINUOUS
 62
8
 10
3.6616992054689
 20
1.3239939536154
  0
VERTEX
  8
5
  6
CONTINUOUS
 62
8
 10
3.6646142410074
 20
1.3228613541678
  0
VERTEX
  8
5
  6
CONTINUOUS
 62
8
 10
3.6677535100488
 20
1.3221817944992
  0
VERTEX
  8
5
  6
CONTINUOUS
 62
8
 10
3.6708927790902
 20
1.3217287547202
  0
VERTEX
  8
5
  6
CONTINUOUS
 62
8
 10
3.6742562816346
 20
1.3212757149411
  0
VERTEX
  8
5
  6
CONTINUOUS
 62
8
 10
4.7178390044013
 20
1.3244469933944
  0
VERTEX
  8
5
  6
CONTINUOUS
 62
8
 10
4.7328626490994
 20
1.2843529729492
  0
SEQEND
  0
LINE
  8
5
  6
CONTINUOUS
 62
8
 10
4.644066181928
 20
1.2628335834446
 11
1.9389132022425
 21
1.2725739386941
  0
POLYLINE
  8
5
  6
CONTINUOUS
 62
8
 70
0
 66
1
  0
VERTEX
  8
5
  6
CONTINUOUS
 62
8
 10
1.8646919127634
 20
1.3033806436689
  0
VERTEX
  8
5
  6
CONTINUOUS
 62
8
 10
1.8581891411776
 20
1.3036071635585
  0
VERTEX
  8
5
  6
CONTINUOUS
 62
8
 10
1.8525833036037
 20
1.3029276038899
  0
VERTEX
  8
5
  6
CONTINUOUS
 62
8
 10
1.8476501665386
 20
1.3015684845528
  0
VERTEX
  8
5
  6
CONTINUOUS
 62
8
 10
1.8438381969883
 20
1.2997563254366
  0
VERTEX
  8
5
  6
CONTINUOUS
 62
8
 10
1.8406989279469
 20
1.2972646066519
  0
VERTEX
  8
5
  6
CONTINUOUS
 62
8
 10
1.8384565929173
 20
1.2945463679776
  0
VERTEX
  8
5
  6
CONTINUOUS
 62
8
 10
1.8371111918996
 20
1.2911485696348
  0
VERTEX
  8
5
  6
CONTINUOUS
 62
8
 10
1.8364384913907
 20
1.287750771292
  0
VERTEX
  8
5
  6
CONTINUOUS
 62
8
 10
1.8366627248936
 20
1.2838999331701
  0
VERTEX
  8
5
  6
CONTINUOUS
 62
8
 10
1.8375596589055
 20
1.2800490950483
  0
VERTEX
  8
5
  6
CONTINUOUS
 62
8
 10
1.8393535269291
 20
1.2759717370369
  0
VERTEX
  8
5
  6
CONTINUOUS
 62
8
 10
1.8418200954617
 20
1.2718943790255
  0
VERTEX
  8
5
  6
CONTINUOUS
 62
8
 10
1.8449593645031
 20
1.2680435409036
  0
VERTEX
  8
5
  6
CONTINUOUS
 62
8
 10
1.8489955675563
 20
1.2644192226713
  0
VERTEX
  8
5
  6
CONTINUOUS
 62
8
 10
1.8534802376155
 20
1.2607949044389
  0
VERTEX
  8
5
  6
CONTINUOUS
 62
8
 10
1.8588618416865
 20
1.2576236259857
  0
SEQEND
  0
LINE
  8
5
  6
CONTINUOUS
 62
8
 10
4.7207540399397
 20
1.3020215243318
 11
3.6964553984274
 21
1.3020215243318
  0
POLYLINE
  8
5
  6
CONTINUOUS
 62
8
 70
0
 66
1
  0
VERTEX
  8
5
  6
CONTINUOUS
 62
8
 10
8.1304486859194
 20
2.1619653338321
  0
VERTEX
  8
5
  6
CONTINUOUS
 62
8
 10
8.1631867773511
 20
1.3424426905743
  0
VERTEX
  8
5
  6
CONTINUOUS
 62
8
 10
8.1981672038126
 20
1.1871463486652
  0
VERTEX
  8
5
  6
CONTINUOUS
 62
8
 10
8.2069123104279
 20
1.1760952981174
  0
VERTEX
  8
5
  6
CONTINUOUS
 62
8
 10
8.2143120160255
 20
1.1694065043648
  0
VERTEX
  8
5
  6
CONTINUOUS
 62
8
 10
8.2201420871026
 20
1.1667891502876
  0
VERTEX
  8
5
  6
CONTINUOUS
 62
8
 10
8.2248509906645
 20
1.167370784527
  0
VERTEX
  8
5
  6
CONTINUOUS
 62
8
 10
8.2284387267119
 20
1.1705697728435
  0
VERTEX
  8
5
  6
CONTINUOUS
 62
8
 10
8.2309052952444
 20
1.1752228467583
  0
VERTEX
  8
5
  6
CONTINUOUS
 62
8
 10
8.2326991632681
 20
1.1810391891519
  0
VERTEX
  8
5
  6
CONTINUOUS
 62
8
 10
8.23359609728
 20
1.1871463486652
  0
VERTEX
  8
5
  6
CONTINUOUS
 62
8
 10
8.1627383103452
 20
2.1613836995927
  0
VERTEX
  8
5
  6
CONTINUOUS
 62
8
 10
8.1627383103452
 20
2.1663275906273
  0
VERTEX
  8
5
  6
CONTINUOUS
 62
8
 10
8.1618413763334
 20
2.1712714816619
  0
VERTEX
  8
5
  6
CONTINUOUS
 62
8
 10
8.1604959753157
 20
2.1762153726965
  0
VERTEX
  8
5
  6
CONTINUOUS
 62
8
 10
8.158253640286
 20
2.1808684466113
  0
VERTEX
  8
5
  6
CONTINUOUS
 62
8
 10
8.1557870717535
 20
2.1852307034065
  0
VERTEX
  8
5
  6
CONTINUOUS
 62
8
 10
8.1528720362151
 20
2.1893021430821
  0
VERTEX
  8
5
  6
CONTINUOUS
 62
8
 10
8.1497327671737
 20
2.1922103142787
  0
VERTEX
  8
5
  6
CONTINUOUS
 62
8
 10
8.1465934981323
 20
2.1945368512363
  0
VERTEX
  8
5
  6
CONTINUOUS
 62
8
 10
8.1432299955878
 20
2.1959909368347
  0
VERTEX
  8
5
  6
CONTINUOUS
 62
8
 10
8.1400907265464
 20
2.1959909368347
  0
VERTEX
  8
5
  6
CONTINUOUS
 62
8
 10
8.137175691008
 20
2.1945368512363
  0
VERTEX
  8
5
  6
CONTINUOUS
 62
8
 10
8.1347091224755
 20
2.1919194971591
  0
VERTEX
  8
5
  6
CONTINUOUS
 62
8
 10
8.1326910209488
 20
2.1872664232443
  0
VERTEX
  8
5
  6
CONTINUOUS
 62
8
 10
8.1311213864281
 20
2.1808684466113
  0
VERTEX
  8
5
  6
CONTINUOUS
 62
8
 10
8.1304486859194
 20
2.1724347501405
  0
VERTEX
  8
5
  6
CONTINUOUS
 62
8
 10
8.1304486859194
 20
2.1619653338321
  0
SEQEND
  0
POLYLINE
  8
5
  6
CONTINUOUS
 62
8
 70
0
 66
1
  0
VERTEX
  8
5
  6
CONTINUOUS
 62
8
 10
5.4360589143758
 20
1.309496680686
  0
VERTEX
  8
5
  6
CONTINUOUS
 62
8
 10
8.1779861885463
 20
1.303833683448
  0
VERTEX
  8
5
  6
CONTINUOUS
 62
8
 10
8.1820223915997
 20
1.299076765768
  0
VERTEX
  8
5
  6
CONTINUOUS
 62
8
 10
8.1853858941439
 20
1.293866808309
  0
VERTEX
  8
5
  6
CONTINUOUS
 62
8
 10
8.1878524626766
 20
1.288203811071
  0
VERTEX
  8
5
  6
CONTINUOUS
 62
8
 10
8.1894220971973
 20
1.282540813833
  0
VERTEX
  8
5
  6
CONTINUOUS
 62
8
 10
8.1898705642031
 20
1.2764247768159
  0
VERTEX
  8
5
  6
CONTINUOUS
 62
8
 10
8.1885251631853
 20
1.2703087397988
  0
VERTEX
  8
5
  6
CONTINUOUS
 62
8
 10
8.1853858941439
 20
1.2637396630027
  0
VERTEX
  8
5
  6
CONTINUOUS
 62
8
 10
8.180452757079
 20
1.2573971060961
  0
VERTEX
  8
5
  6
CONTINUOUS
 62
8
 10
5.4376285488965
 20
1.1733582270837
  0
VERTEX
  8
5
  6
CONTINUOUS
 62
8
 10
5.4360589143758
 20
1.309496680686
  0
SEQEND
  0
POLYLINE
  8
5
  6
CONTINUOUS
 62
8
 70
0
 66
1
  0
VERTEX
  8
5
  6
CONTINUOUS
 62
8
 10
5.3548863863049
 20
1.2843529729492
  0
VERTEX
  8
5
  6
CONTINUOUS
 62
8
 10
6.4141654542787
 20
1.282540813833
  0
VERTEX
  8
5
  6
CONTINUOUS
 62
8
 10
6.4182016573318
 20
1.2843529729492
  0
VERTEX
  8
5
  6
CONTINUOUS
 62
8
 10
6.422237860385
 20
1.2870712116234
  0
VERTEX
  8
5
  6
CONTINUOUS
 62
8
 10
6.4262740634384
 20
1.2902424900767
  0
VERTEX
  8
5
  6
CONTINUOUS
 62
8
 10
6.4300860329886
 20
1.2943198480881
  0
VERTEX
  8
5
  6
CONTINUOUS
 62
8
 10
6.433673769036
 20
1.298623725989
  0
VERTEX
  8
5
  6
CONTINUOUS
 62
8
 10
6.4370372715804
 20
1.3036071635585
  0
VERTEX
  8
5
  6
CONTINUOUS
 62
8
 10
6.4401765406218
 20
1.3088171210174
  0
VERTEX
  8
5
  6
CONTINUOUS
 62
8
 10
6.4430915761603
 20
1.314253598366
  0
VERTEX
  8
5
  6
CONTINUOUS
 62
8
 10
6.4455581446927
 20
1.319916595604
  0
VERTEX
  8
5
  6
CONTINUOUS
 62
8
 10
6.4478004797224
 20
1.325579592842
  0
VERTEX
  8
5
  6
CONTINUOUS
 62
8
 10
6.4493701142431
 20
1.3312425900801
  0
VERTEX
  8
5
  6
CONTINUOUS
 62
8
 10
6.4507155152608
 20
1.3366790674286
  0
VERTEX
  8
5
  6
CONTINUOUS
 62
8
 10
6.4516124492726
 20
1.3421155447771
  0
VERTEX
  8
5
  6
CONTINUOUS
 62
8
 10
6.4518366827756
 20
1.3470989823465
  0
VERTEX
  8
5
  6
CONTINUOUS
 62
8
 10
6.4516124492726
 20
1.351629380137
  0
VERTEX
  8
5
  6
CONTINUOUS
 62
8
 10
6.4507155152608
 20
1.3557067381483
  0
VERTEX
  8
5
  6
CONTINUOUS
 62
8
 10
6.4493701142431
 20
1.3514028602474
  0
VERTEX
  8
5
  6
CONTINUOUS
 62
8
 10
6.4478004797224
 20
1.3475520221256
  0
VERTEX
  8
5
  6
CONTINUOUS
 62
8
 10
6.4462308452017
 20
1.3439277038932
  0
VERTEX
  8
5
  6
CONTINUOUS
 62
8
 10
6.444436977178
 20
1.3407564254399
  0
VERTEX
  8
5
  6
CONTINUOUS
 62
8
 10
6.4426431091543
 20
1.3375851469867
  0
VERTEX
  8
5
  6
CONTINUOUS
 62
8
 10
6.4406250076276
 20
1.3348669083124
  0
VERTEX
  8
5
  6
CONTINUOUS
 62
8
 10
6.4386069061011
 20
1.3323751895277
  0
VERTEX
  8
5
  6
CONTINUOUS
 62
8
 10
6.4363645710714
 20
1.330336510522
  0
VERTEX
  8
5
  6
CONTINUOUS
 62
8
 10
6.433898002539
 20
1.3282978315163
  0
VERTEX
  8
5
  6
CONTINUOUS
 62
8
 10
6.4314314340063
 20
1.3267121922896
  0
VERTEX
  8
5
  6
CONTINUOUS
 62
8
 10
6.4287406319709
 20
1.325126553063
  0
VERTEX
  8
5
  6
CONTINUOUS
 62
8
 10
6.4260498299354
 20
1.3239939536154
  0
VERTEX
  8
5
  6
CONTINUOUS
 62
8
 10
6.423134794397
 20
1.3228613541678
  0
VERTEX
  8
5
  6
CONTINUOUS
 62
8
 10
6.4199955253555
 20
1.3221817944992
  0
VERTEX
  8
5
  6
CONTINUOUS
 62
8
 10
6.4168562563141
 20
1.3217287547202
  0
VERTEX
  8
5
  6
CONTINUOUS
 62
8
 10
6.4134927537697
 20
1.3212757149411
  0
VERTEX
  8
5
  6
CONTINUOUS
 62
8
 10
5.3699100310031
 20
1.3244469933944
  0
VERTEX
  8
5
  6
CONTINUOUS
 62
8
 10
5.3548863863049
 20
1.2843529729492
  0
SEQEND
  0
LINE
  8
5
  6
CONTINUOUS
 62
8
 10
5.4436828534764
 20
1.2628335834446
 11
8.1488358331617
 21
1.2725739386941
  0
POLYLINE
  8
5
  6
CONTINUOUS
 62
8
 70
0
 66
1
  0
VERTEX
  8
5
  6
CONTINUOUS
 62
8
 10
8.1606848926672
 20
1.5267928346744
  0
VERTEX
  8
5
  6
CONTINUOUS
 62
8
 10
8.1671876642529
 20
1.5270193545639
  0
VERTEX
  8
5
  6
CONTINUOUS
 62
8
 10
8.172793501827
 20
1.5263397948953
  0
VERTEX
  8
5
  6
CONTINUOUS
 62
8
 10
8.1777266388919
 20
1.5249806755582
  0
VERTEX
  8
5
  6
CONTINUOUS
 62
8
 10
8.1815386084423
 20
1.5231685164421
  0
VERTEX
  8
5
  6
CONTINUOUS
 62
8
 10
8.1846778774837
 20
1.5206767976573
  0
VERTEX
  8
5
  6
CONTINUOUS
 62
8
 10
8.1869202125132
 20
1.5179585589831
  0
VERTEX
  8
5
  6
CONTINUOUS
 62
8
 10
8.1882656135309
 20
1.5145607606402
  0
VERTEX
  8
5
  6
CONTINUOUS
 62
8
 10
8.1889383140399
 20
1.5111629622974
  0
VERTEX
  8
5
  6
CONTINUOUS
 62
8
 10
8.1887140805369
 20
1.5073121241756
  0
VERTEX
  8
5
  6
CONTINUOUS
 62
8
 10
8.1878171465251
 20
1.5034612860537
  0
VERTEX
  8
5
  6
CONTINUOUS
 62
8
 10
8.1860232785014
 20
1.4993839280423
  0
VERTEX
  8
5
  6
CONTINUOUS
 62
8
 10
8.183556709969
 20
1.4953065700309
  0
VERTEX
  8
5
  6
CONTINUOUS
 62
8
 10
8.1804174409275
 20
1.4914557319091
  0
VERTEX
  8
5
  6
CONTINUOUS
 62
8
 10
8.1763812378742
 20
1.4878314136767
  0
VERTEX
  8
5
  6
CONTINUOUS
 62
8
 10
8.171896567815
 20
1.4842070954444
  0
VERTEX
  8
5
  6
CONTINUOUS
 62
8
 10
8.1665149637441
 20
1.4810358169911
  0
SEQEND
  0
LINE
  8
5
  6
CONTINUOUS
 62
8
 10
5.3669949954646
 20
1.3020215243318
 11
6.3912936369769
 21
1.3020215243318
  0
POLYLINE
  8
5
  6
CONTINUOUS
 62
8
 70
0
 66
1
  0
VERTEX
  8
5
  6
CONTINUOUS
 62
8
 10
5.0429775836904
 20
1.0412971314929
  0
VERTEX
  8
5
  6
CONTINUOUS
 62
8
 10
5.0474622537496
 20
1.0417501712719
  0
VERTEX
  8
5
  6
CONTINUOUS
 62
8
 10
5.0514984568027
 20
1.043109290609
  0
VERTEX
  8
5
  6
CONTINUOUS
 62
8
 10
5.0553104263529
 20
1.0451479696147
  0
VERTEX
  8
5
  6
CONTINUOUS
 62
8
 10
5.0586739288973
 20
1.047866208289
  0
VERTEX
  8
5
  6
CONTINUOUS
 62
8
 10
5.0613647309328
 20
1.0512640066318
  0
VERTEX
  8
5
  6
CONTINUOUS
 62
8
 10
5.0633828324595
 20
1.0548883248642
  0
VERTEX
  8
5
  6
CONTINUOUS
 62
8
 10
5.0647282334772
 20
1.0591922027651
  0
VERTEX
  8
5
  6
CONTINUOUS
 62
8
 10
5.0651767004832
 20
1.0637226005555
  0
VERTEX
  8
5
  6
CONTINUOUS
 62
8
 10
5.0647282334772
 20
1.0682529983459
  0
VERTEX
  8
5
  6
CONTINUOUS
 62
8
 10
5.0633828324595
 20
1.0723303563573
  0
VERTEX
  8
5
  6
CONTINUOUS
 62
8
 10
5.0613647309328
 20
1.0761811944791
  0
VERTEX
  8
5
  6
CONTINUOUS
 62
8
 10
5.0586739288973
 20
1.079578992822
  0
VERTEX
  8
5
  6
CONTINUOUS
 62
8
 10
5.0553104263529
 20
1.0822972314962
  0
VERTEX
  8
5
  6
CONTINUOUS
 62
8
 10
5.0514984568027
 20
1.0843359105019
  0
VERTEX
  8
5
  6
CONTINUOUS
 62
8
 10
5.0474622537496
 20
1.085695029839
  0
VERTEX
  8
5
  6
CONTINUOUS
 62
8
 10
5.0429775836904
 20
1.0861480696181
  0
VERTEX
  8
5
  6
CONTINUOUS
 62
8
 10
5.0384929136313
 20
1.085695029839
  0
VERTEX
  8
5
  6
CONTINUOUS
 62
8
 10
5.0344567105779
 20
1.0843359105019
  0
VERTEX
  8
5
  6
CONTINUOUS
 62
8
 10
5.0306447410277
 20
1.0822972314962
  0
VERTEX
  8
5
  6
CONTINUOUS
 62
8
 10
5.0275054719863
 20
1.079578992822
  0
VERTEX
  8
5
  6
CONTINUOUS
 62
8
 10
5.0248146699508
 20
1.0761811944791
  0
VERTEX
  8
5
  6
CONTINUOUS
 62
8
 10
5.0227965684241
 20
1.0723303563573
  0
VERTEX
  8
5
  6
CONTINUOUS
 62
8
 10
5.0214511674064
 20
1.0682529983459
  0
VERTEX
  8
5
  6
CONTINUOUS
 62
8
 10
5.0210027004004
 20
1.0637226005555
  0
VERTEX
  8
5
  6
CONTINUOUS
 62
8
 10
5.0214511674064
 20
1.0591922027651
  0
VERTEX
  8
5
  6
CONTINUOUS
 62
8
 10
5.0227965684241
 20
1.0548883248642
  0
VERTEX
  8
5
  6
CONTINUOUS
 62
8
 10
5.0248146699508
 20
1.0512640066318
  0
VERTEX
  8
5
  6
CONTINUOUS
 62
8
 10
5.0275054719863
 20
1.047866208289
  0
VERTEX
  8
5
  6
CONTINUOUS
 62
8
 10
5.0306447410277
 20
1.0451479696147
  0
VERTEX
  8
5
  6
CONTINUOUS
 62
8
 10
5.0344567105779
 20
1.043109290609
  0
VERTEX
  8
5
  6
CONTINUOUS
 62
8
 10
5.0384929136313
 20
1.0417501712719
  0
VERTEX
  8
5
  6
CONTINUOUS
 62
8
 10
5.0429775836904
 20
1.0412971314929
  0
SEQEND
  0
POLYLINE
  8
5
  6
CONTINUOUS
 62
8
 70
0
 66
1
  0
VERTEX
  8
5
  6
CONTINUOUS
 62
8
 10
4.8030477355253
 20
1.3699774911882
  0
VERTEX
  8
5
  6
CONTINUOUS
 62
8
 10
4.8866868321287
 20
1.5962708608199
  0
VERTEX
  8
5
  6
CONTINUOUS
 62
8
 10
4.9671866596906
 20
1.3699774911882
  0
VERTEX
  8
5
  6
CONTINUOUS
 62
8
 10
4.8030477355253
 20
1.3699774911882
  0
SEQEND
  0
POLYLINE
  8
5
  6
CONTINUOUS
 62
8
 70
0
 66
1
  0
VERTEX
  8
5
  6
CONTINUOUS
 62
8
 10
5.3741704675594
 20
1.368165332072
  0
VERTEX
  8
5
  6
CONTINUOUS
 62
8
 10
5.3719281325297
 20
1.3944416392565
  0
VERTEX
  8
5
  6
CONTINUOUS
 62
8
 10
5.3685646299853
 20
1.4191323072143
  0
VERTEX
  8
5
  6
CONTINUOUS
 62
8
 10
5.3640799599262
 20
1.4422373359455
  0
VERTEX
  8
5
  6
CONTINUOUS
 62
8
 10
5.3586983558553
 20
1.46375672545
  0
VERTEX
  8
5
  6
CONTINUOUS
 62
8
 10
5.3524198177724
 20
1.4836904757278
  0
VERTEX
  8
5
  6
CONTINUOUS
 62
8
 10
5.3452443456778
 20
1.5020385867791
  0
VERTEX
  8
5
  6
CONTINUOUS
 62
8
 10
5.3371719395713
 20
1.5192540983827
  0
VERTEX
  8
5
  6
CONTINUOUS
 62
8
 10
5.328426832956
 20
1.5348839707596
  0
VERTEX
  8
5
  6
CONTINUOUS
 62
8
 10
5.3190090258317
 20
1.549381243689
  0
VERTEX
  8
5
  6
CONTINUOUS
 62
8
 10
5.3091427517014
 20
1.5627459171708
  0
VERTEX
  8
5
  6
CONTINUOUS
 62
8
 10
5.2983795435594
 20
1.5747514713154
  0
VERTEX
  8
5
  6
CONTINUOUS
 62
8
 10
5.2873921019146
 20
1.5856244260124
  0
VERTEX
  8
5
  6
CONTINUOUS
 62
8
 10
5.2759561932637
 20
1.5955913011513
  0
VERTEX
  8
5
  6
CONTINUOUS
 62
8
 10
5.2640718176069
 20
1.6044255768427
  0
VERTEX
  8
5
  6
CONTINUOUS
 62
8
 10
5.2517389749442
 20
1.6123537729759
  0
VERTEX
  8
5
  6
CONTINUOUS
 62
8
 10
5.2394061322815
 20
1.6193758895511
  0
VERTEX
  8
5
  6
CONTINUOUS
 62
8
 10
5.226624822613
 20
1.6254919265681
  0
VERTEX
  8
5
  6
CONTINUOUS
 62
8
 10
5.2138435129443
 20
1.6311549238062
  0
VERTEX
  8
5
  6
CONTINUOUS
 62
8
 10
5.2010622032758
 20
1.6356853215966
  0
VERTEX
  8
5
  6
CONTINUOUS
 62
8
 10
5.1882808936071
 20
1.639762679608
  0
VERTEX
  8
5
  6
CONTINUOUS
 62
8
 10
5.1754995839385
 20
1.6433869978403
  0
VERTEX
  8
5
  6
CONTINUOUS
 62
8
 10
5.16271827427
 20
1.6463317564041
  0
VERTEX
  8
5
  6
CONTINUOUS
 62
8
 10
5.1503854316072
 20
1.6488234751888
  0
VERTEX
  8
5
  6
CONTINUOUS
 62
8
 10
5.1380525889445
 20
1.6508621541945
  0
VERTEX
  8
5
  6
CONTINUOUS
 62
8
 10
5.1261682132878
 20
1.6524477934212
  0
VERTEX
  8
5
  6
CONTINUOUS
 62
8
 10
5.1145080711338
 20
1.6538069127583
  0
VERTEX
  8
5
  6
CONTINUOUS
 62
8
 10
5.103520629489
 20
1.6549395122059
  0
VERTEX
  8
5
  6
CONTINUOUS
 62
8
 10
5.092757421347
 20
1.655845591764
  0
VERTEX
  8
5
  6
CONTINUOUS
 62
8
 10
5.0826669137138
 20
1.6565251514325
  0
VERTEX
  8
5
  6
CONTINUOUS
 62
8
 10
5.0732491065897
 20
1.6572047111011
  0
VERTEX
  8
5
  6
CONTINUOUS
 62
8
 10
5.0642797664714
 20
1.6578842707697
  0
VERTEX
  8
5
  6
CONTINUOUS
 62
8
 10
5.0562073603649
 20
1.6585638304382
  0
VERTEX
  8
5
  6
CONTINUOUS
 62
8
 10
5.0454441522229
 20
1.6583373105487
  0
VERTEX
  8
5
  6
CONTINUOUS
 62
8
 10
5.0342324770749
 20
1.6578842707697
  0
VERTEX
  8
5
  6
CONTINUOUS
 62
8
 10
5.0223481014182
 20
1.6572047111011
  0
VERTEX
  8
5
  6
CONTINUOUS
 62
8
 10
5.0102394922584
 20
1.6565251514325
  0
VERTEX
  8
5
  6
CONTINUOUS
 62
8
 10
4.9974581825899
 20
1.6553925519849
  0
VERTEX
  8
5
  6
CONTINUOUS
 62
8
 10
4.9844526394183
 20
1.6540334326478
  0
VERTEX
  8
5
  6
CONTINUOUS
 62
8
 10
4.9709986292408
 20
1.6524477934212
  0
VERTEX
  8
5
  6
CONTINUOUS
 62
8
 10
4.9573203855604
 20
1.6504091144155
  0
VERTEX
  8
5
  6
CONTINUOUS
 62
8
 10
4.9434179083769
 20
1.6476908757412
  0
VERTEX
  8
5
  6
CONTINUOUS
 62
8
 10
4.9295154311935
 20
1.6447461171774
  0
VERTEX
  8
5
  6
CONTINUOUS
 62
8
 10
4.9156129540101
 20
1.6411217989451
  0
VERTEX
  8
5
  6
CONTINUOUS
 62
8
 10
4.9014862433239
 20
1.6370444409337
  0
VERTEX
  8
5
  6
CONTINUOUS
 62
8
 10
4.8875837661404
 20
1.6325140431433
  0
VERTEX
  8
5
  6
CONTINUOUS
 62
8
 10
4.87390552246
 20
1.6270775657948
  0
VERTEX
  8
5
  6
CONTINUOUS
 62
8
 10
4.8602272787796
 20
1.6209615287777
  0
VERTEX
  8
5
  6
CONTINUOUS
 62
8
 10
4.8467732686021
 20
1.6141659320921
  0
VERTEX
  8
5
  6
CONTINUOUS
 62
8
 10
4.8337677254304
 20
1.6064642558484
  0
VERTEX
  8
5
  6
CONTINUOUS
 62
8
 10
4.8209864157619
 20
1.5980830199361
  0
VERTEX
  8
5
  6
CONTINUOUS
 62
8
 10
4.8086535730992
 20
1.5887957044657
  0
VERTEX
  8
5
  6
CONTINUOUS
 62
8
 10
4.7967691974425
 20
1.5783757895477
  0
VERTEX
  8
5
  6
CONTINUOUS
 62
8
 10
4.7855575222945
 20
1.5672763149612
  0
VERTEX
  8
5
  6
CONTINUOUS
 62
8
 10
4.7747943141525
 20
1.5548177210375
  0
VERTEX
  8
5
  6
CONTINUOUS
 62
8
 10
4.7647038065195
 20
1.5416795674453
  0
VERTEX
  8
5
  6
CONTINUOUS
 62
8
 10
4.7555102328982
 20
1.5271822945159
  0
VERTEX
  8
5
  6
CONTINUOUS
 62
8
 10
4.7469893597858
 20
1.511552422139
  0
VERTEX
  8
5
  6
CONTINUOUS
 62
8
 10
4.7393654206853
 20
1.4947899503144
  0
VERTEX
  8
5
  6
CONTINUOUS
 62
8
 10
4.7324141820935
 20
1.4768948790422
  0
VERTEX
  8
5
  6
CONTINUOUS
 62
8
 10
4.7265841110166
 20
1.4576406884329
  0
VERTEX
  8
5
  6
CONTINUOUS
 62
8
 10
4.7218752074544
 20
1.4370273784865
  0
VERTEX
  8
5
  6
CONTINUOUS
 62
8
 10
4.7180632379042
 20
1.4150549492029
  0
VERTEX
  8
5
  6
CONTINUOUS
 62
8
 10
4.7155966693716
 20
1.3917234005822
  0
VERTEX
  8
5
  6
CONTINUOUS
 62
8
 10
4.7142512683539
 20
1.3668062127349
  0
VERTEX
  8
5
  6
CONTINUOUS
 62
8
 10
4.9019347103296
 20
1.3699774911882
  0
VERTEX
  8
5
  6
CONTINUOUS
 62
8
 10
4.9041770453593
 20
1.3742813690891
  0
VERTEX
  8
5
  6
CONTINUOUS
 62
8
 10
4.9073163144007
 20
1.3792648066586
  0
VERTEX
  8
5
  6
CONTINUOUS
 62
8
 10
4.9109040504481
 20
1.384248244228
  0
VERTEX
  8
5
  6
CONTINUOUS
 62
8
 10
4.9151644870043
 20
1.389458201687
  0
VERTEX
  8
5
  6
CONTINUOUS
 62
8
 10
4.9194249235605
 20
1.3939885994774
  0
VERTEX
  8
5
  6
CONTINUOUS
 62
8
 10
4.9236853601166
 20
1.3976129177098
  0
VERTEX
  8
5
  6
CONTINUOUS
 62
8
 10
4.927497329667
 20
1.4001046364945
  0
VERTEX
  8
5
  6
CONTINUOUS
 62
8
 10
4.9310850657142
 20
1.4010107160526
  0
VERTEX
  8
5
  6
CONTINUOUS
 62
8
 10
5.1557670356781
 20
1.4014637558316
  0
VERTEX
  8
5
  6
CONTINUOUS
 62
8
 10
5.1589063047196
 20
1.400331156384
  0
VERTEX
  8
5
  6
CONTINUOUS
 62
8
 10
5.16271827427
 20
1.3976129177098
  0
VERTEX
  8
5
  6
CONTINUOUS
 62
8
 10
5.1667544773231
 20
1.3939885994774
  0
VERTEX
  8
5
  6
CONTINUOUS
 62
8
 10
5.1710149138793
 20
1.3892316817975
  0
VERTEX
  8
5
  6
CONTINUOUS
 62
8
 10
5.1750511169327
 20
1.384248244228
  0
VERTEX
  8
5
  6
CONTINUOUS
 62
8
 10
5.1788630864829
 20
1.379038286769
  0
VERTEX
  8
5
  6
CONTINUOUS
 62
8
 10
5.1820023555243
 20
1.3742813690891
  0
VERTEX
  8
5
  6
CONTINUOUS
 62
8
 10
5.184244690554
 20
1.3699774911882
  0
VERTEX
  8
5
  6
CONTINUOUS
 62
8
 10
5.3741704675594
 20
1.368165332072
  0
SEQEND
  0
POLYLINE
  8
5
  6
CONTINUOUS
 62
8
 70
0
 66
1
  0
VERTEX
  8
5
  6
CONTINUOUS
 62
8
 10
4.398306262686
 20
0.58893691211897
  0
VERTEX
  8
5
  6
CONTINUOUS
 62
8
 10
4.4039121002599
 20
0.58553911377614
  0
VERTEX
  8
5
  6
CONTINUOUS
 62
8
 10
4.409517937834
 20
0.57851699720099
  0
VERTEX
  8
5
  6
CONTINUOUS
 62
8
 10
4.4151237754079
 20
0.56809708228301
  0
VERTEX
  8
5
  6
CONTINUOUS
 62
8
 10
4.4205053794788
 20
0.55541196846983
  0
VERTEX
  8
5
  6
CONTINUOUS
 62
8
 10
4.4254385165439
 20
0.54046165576142
  0
VERTEX
  8
5
  6
CONTINUOUS
 62
8
 10
4.4294747195973
 20
0.52392570382637
  0
VERTEX
  8
5
  6
CONTINUOUS
 62
8
 10
4.4323897551357
 20
0.50648367233323
  0
VERTEX
  8
5
  6
CONTINUOUS
 62
8
 10
4.4341836231592
 20
0.48881512095057
  0
VERTEX
  8
5
  6
CONTINUOUS
 62
8
 10
4.4346320901652
 20
0.47114656956792
  0
VERTEX
  8
5
  6
CONTINUOUS
 62
8
 10
4.4330624556445
 20
0.45415757785383
  0
VERTEX
  8
5
  6
CONTINUOUS
 62
8
 10
4.4296989531001
 20
0.43830118558734
  0
VERTEX
  8
5
  6
CONTINUOUS
 62
8
 10
4.4240931155262
 20
0.42448347232655
  0
VERTEX
  8
5
  6
CONTINUOUS
 62
8
 10
4.4162449429226
 20
0.41270443807144
  0
VERTEX
  8
5
  6
CONTINUOUS
 62
8
 10
4.4054817347806
 20
0.40409668226963
  0
VERTEX
  8
5
  6
CONTINUOUS
 62
8
 10
4.3920277246032
 20
0.39866020492112
  0
VERTEX
  8
5
  6
CONTINUOUS
 62
8
 10
4.3752102118813
 20
0.39730108558399
  0
VERTEX
  8
5
  6
CONTINUOUS
 62
8
 10
4.3599623336801
 20
0.39956628447921
  0
VERTEX
  8
5
  6
CONTINUOUS
 62
8
 10
4.3469567905087
 20
0.4059088413858
  0
VERTEX
  8
5
  6
CONTINUOUS
 62
8
 10
4.3361935823667
 20
0.41587571652474
  0
VERTEX
  8
5
  6
CONTINUOUS
 62
8
 10
4.3276727092543
 20
0.42878735022745
  0
VERTEX
  8
5
  6
CONTINUOUS
 62
8
 10
4.3211699376685
 20
0.44396418282537
  0
VERTEX
  8
5
  6
CONTINUOUS
 62
8
 10
4.3169095011123
 20
0.46072665464994
  0
VERTEX
  8
5
  6
CONTINUOUS
 62
8
 10
4.3144429325797
 20
0.47884824581163
  0
VERTEX
  8
5
  6
CONTINUOUS
 62
8
 10
4.3142186990767
 20
0.49742287675238
  0
VERTEX
  8
5
  6
CONTINUOUS
 62
8
 10
4.3157883335974
 20
0.5157709878036
  0
VERTEX
  8
5
  6
CONTINUOUS
 62
8
 10
4.3191518361418
 20
0.53343953918625
  0
VERTEX
  8
5
  6
CONTINUOUS
 62
8
 10
4.3243092067099
 20
0.54997549112131
  0
VERTEX
  8
5
  6
CONTINUOUS
 62
8
 10
4.3312604453015
 20
0.56447276405066
  0
VERTEX
  8
5
  6
CONTINUOUS
 62
8
 10
4.3397813184141
 20
0.57670483808482
  0
VERTEX
  8
5
  6
CONTINUOUS
 62
8
 10
4.3500960595501
 20
0.58553911377614
  0
VERTEX
  8
5
  6
CONTINUOUS
 62
8
 10
4.3619804352068
 20
0.59097559112465
  0
VERTEX
  8
5
  6
CONTINUOUS
 62
8
 10
4.3752102118813
 20
0.59188167068273
  0
VERTEX
  8
5
  6
CONTINUOUS
 62
8
 10
4.3810402829582
 20
0.61725189830911
  0
VERTEX
  8
5
  6
CONTINUOUS
 62
8
 10
4.387767288047
 20
0.64148952648788
  0
VERTEX
  8
5
  6
CONTINUOUS
 62
8
 10
4.3951669936446
 20
0.66482107510858
  0
VERTEX
  8
5
  6
CONTINUOUS
 62
8
 10
4.4034636332541
 20
0.68724654417118
  0
VERTEX
  8
5
  6
CONTINUOUS
 62
8
 10
4.4122087398694
 20
0.70876593367569
  0
VERTEX
  8
5
  6
CONTINUOUS
 62
8
 10
4.4214023134907
 20
0.72937924362213
  0
VERTEX
  8
5
  6
CONTINUOUS
 62
8
 10
4.4312685876208
 20
0.74908647401047
  0
VERTEX
  8
5
  6
CONTINUOUS
 62
8
 10
4.441583328757
 20
0.76788762484075
  0
VERTEX
  8
5
  6
CONTINUOUS
 62
8
 10
4.452346536899
 20
0.78578269611293
  0
VERTEX
  8
5
  6
CONTINUOUS
 62
8
 10
4.4635582120468
 20
0.80299820771653
  0
VERTEX
  8
5
  6
CONTINUOUS
 62
8
 10
4.4747698871948
 20
0.81930763976205
  0
VERTEX
  8
5
  6
CONTINUOUS
 62
8
 10
4.4864300293485
 20
0.8347109922495
  0
VERTEX
  8
5
  6
CONTINUOUS
 62
8
 10
4.4980901715023
 20
0.84943478506838
  0
VERTEX
  8
5
  6
CONTINUOUS
 62
8
 10
4.5097503136562
 20
0.86325249832918
  0
VERTEX
  8
5
  6
CONTINUOUS
 62
8
 10
4.521634689313
 20
0.8763906519214
  0
VERTEX
  8
5
  6
CONTINUOUS
 62
8
 10
4.5335190649697
 20
0.88862272595556
  0
VERTEX
  8
5
  6
CONTINUOUS
 62
8
 10
4.5451792071235
 20
0.90040176021066
  0
VERTEX
  8
5
  6
CONTINUOUS
 62
8
 10
4.5566151157744
 20
0.91127471490767
  0
VERTEX
  8
5
  6
CONTINUOUS
 62
8
 10
4.5680510244252
 20
0.92146810993614
  0
VERTEX
  8
5
  6
CONTINUOUS
 62
8
 10
4.5792626995732
 20
0.93098194529602
  0
VERTEX
  8
5
  6
CONTINUOUS
 62
8
 10
4.5900259077152
 20
0.93981622098735
  0
VERTEX
  8
5
  6
CONTINUOUS
 62
8
 10
4.6003406488512
 20
0.94797093701013
  0
VERTEX
  8
5
  6
CONTINUOUS
 62
8
 10
4.6102069229814
 20
0.95544609336433
  0
VERTEX
  8
5
  6
CONTINUOUS
 62
8
 10
4.6196247301055
 20
0.96246820993948
  0
VERTEX
  8
5
  6
CONTINUOUS
 62
8
 10
4.6285940702238
 20
0.96881076684607
  0
VERTEX
  8
5
  6
CONTINUOUS
 62
8
 10
4.6366664763304
 20
0.9744737640841
  0
VERTEX
  8
5
  6
CONTINUOUS
 62
8
 10
4.6442904154309
 20
0.9796837215431
  0
VERTEX
  8
5
  6
CONTINUOUS
 62
8
 10
4.6510174205198
 20
0.98421411933352
  0
VERTEX
  8
5
  6
CONTINUOUS
 62
8
 10
4.6570717250996
 20
0.98829147734491
  0
VERTEX
  8
5
  6
CONTINUOUS
 62
8
 10
4.6622290956676
 20
0.99168927568772
  0
VERTEX
  8
5
  6
CONTINUOUS
 62
8
 10
4.6664895322239
 20
0.9946340342515
  0
VERTEX
  8
5
  6
CONTINUOUS
 62
8
 10
4.6696288012651
 20
0.99712575303624
  0
VERTEX
  8
5
  6
CONTINUOUS
 62
8
 10
4.6857736134782
 20
0.97560636353171
  0
VERTEX
  8
5
  6
CONTINUOUS
 62
8
 10
4.675907339348
 20
0.96654556795085
  0
VERTEX
  8
5
  6
CONTINUOUS
 62
8
 10
4.665816831715
 20
0.95771129225953
  0
VERTEX
  8
5
  6
CONTINUOUS
 62
8
 10
4.6559505575847
 20
0.94910353645772
  0
VERTEX
  8
5
  6
CONTINUOUS
 62
8
 10
4.6458600499517
 20
0.94094882043496
  0
VERTEX
  8
5
  6
CONTINUOUS
 62
8
 10
4.6357695423186
 20
0.9327941044122
  0
VERTEX
  8
5
  6
CONTINUOUS
 62
8
 10
4.6254548011826
 20
0.92486590827895
  0
VERTEX
  8
5
  6
CONTINUOUS
 62
8
 10
4.6153642935494
 20
0.91693771214572
  0
VERTEX
  8
5
  6
CONTINUOUS
 62
8
 10
4.6052737859163
 20
0.90900951601247
  0
VERTEX
  8
5
  6
CONTINUOUS
 62
8
 10
4.5951832782831
 20
0.90108131987923
  0
VERTEX
  8
5
  6
CONTINUOUS
 62
8
 10
4.585317004153
 20
0.89315312374598
  0
VERTEX
  8
5
  6
CONTINUOUS
 62
8
 10
4.57522649652
 20
0.88499840772321
  0
VERTEX
  8
5
  6
CONTINUOUS
 62
8
 10
4.5653602223897
 20
0.87661717181094
  0
VERTEX
  8
5
  6
CONTINUOUS
 62
8
 10
4.5554939482597
 20
0.86800941600913
  0
VERTEX
  8
5
  6
CONTINUOUS
 62
8
 10
4.5456276741294
 20
0.8591751403178
  0
VERTEX
  8
5
  6
CONTINUOUS
 62
8
 10
4.5359856335022
 20
0.84988782484743
  0
VERTEX
  8
5
  6
CONTINUOUS
 62
8
 10
4.5263435928751
 20
0.84037398948753
  0
VERTEX
  8
5
  6
CONTINUOUS
 62
8
 10
4.5169257857508
 20
0.83040711434859
  0
VERTEX
  8
5
  6
CONTINUOUS
 62
8
 10
4.5077322121295
 20
0.8197606795411
  0
VERTEX
  8
5
  6
CONTINUOUS
 62
8
 10
4.4985386385082
 20
0.80866120495456
  0
VERTEX
  8
5
  6
CONTINUOUS
 62
8
 10
4.4895692983899
 20
0.79688217069945
  0
VERTEX
  8
5
  6
CONTINUOUS
 62
8
 10
4.4805999582716
 20
0.78442357677578
  0
VERTEX
  8
5
  6
CONTINUOUS
 62
8
 10
4.4720790851593
 20
0.77128542318355
  0
VERTEX
  8
5
  6
CONTINUOUS
 62
8
 10
4.4635582120468
 20
0.75724119003325
  0
VERTEX
  8
5
  6
CONTINUOUS
 62
8
 10
4.4552615724374
 20
0.74251739721436
  0
VERTEX
  8
5
  6
CONTINUOUS
 62
8
 10
4.4471891663309
 20
0.72711404472692
  0
VERTEX
  8
5
  6
CONTINUOUS
 62
8
 10
4.4393409937273
 20
0.71057809279186
  0
VERTEX
  8
5
  6
CONTINUOUS
 62
8
 10
4.4319412881297
 20
0.69290954140921
  0
VERTEX
  8
5
  6
CONTINUOUS
 62
8
 10
4.4245415825321
 20
0.67456143035798
  0
VERTEX
  8
5
  6
CONTINUOUS
 62
8
 10
4.4175903439403
 20
0.65485419996965
  0
VERTEX
  8
5
  6
CONTINUOUS
 62
8
 10
4.4108633388517
 20
0.63401437013368
  0
VERTEX
  8
5
  6
CONTINUOUS
 62
8
 10
4.4043605672659
 20
0.61204194085013
  0
VERTEX
  8
5
  6
CONTINUOUS
 62
8
 10
4.398306262686
 20
0.58893691211897
  0
SEQEND
  0
POLYLINE
  8
5
  6
CONTINUOUS
 62
8
 70
0
 66
1
  0
VERTEX
  8
5
  6
CONTINUOUS
 62
8
 10
5.7295805697477
 20
0.53230693973864
  0
VERTEX
  8
5
  6
CONTINUOUS
 62
8
 10
5.6993090468484
 20
0.53230693973864
  0
VERTEX
  8
5
  6
CONTINUOUS
 62
8
 10
5.6963940113099
 20
0.53140086018057
  0
VERTEX
  8
5
  6
CONTINUOUS
 62
8
 10
5.6937032092745
 20
0.52868262150632
  0
VERTEX
  8
5
  6
CONTINUOUS
 62
8
 10
5.691460874245
 20
0.52460526349493
  0
VERTEX
  8
5
  6
CONTINUOUS
 62
8
 10
5.6892185392153
 20
0.51916878614641
  0
VERTEX
  8
5
  6
CONTINUOUS
 62
8
 10
5.6876489046946
 20
0.51237318946078
  0
VERTEX
  8
5
  6
CONTINUOUS
 62
8
 10
5.6863035036769
 20
0.50467151321706
  0
VERTEX
  8
5
  6
CONTINUOUS
 62
8
 10
5.6854065696651
 20
0.49606375741525
  0
VERTEX
  8
5
  6
CONTINUOUS
 62
8
 10
5.6851823361621
 20
0.48700296183441
  0
VERTEX
  8
5
  6
CONTINUOUS
 62
8
 10
5.6851823361621
 20
0.40477624193819
  0
VERTEX
  8
5
  6
CONTINUOUS
 62
8
 10
5.6854065696651
 20
0.39548892646782
  0
VERTEX
  8
5
  6
CONTINUOUS
 62
8
 10
5.6863035036769
 20
0.38688117066601
  0
VERTEX
  8
5
  6
CONTINUOUS
 62
8
 10
5.6876489046946
 20
0.3791794944223
  0
VERTEX
  8
5
  6
CONTINUOUS
 62
8
 10
5.6892185392153
 20
0.37261041762617
  0
VERTEX
  8
5
  6
CONTINUOUS
 62
8
 10
5.691460874245
 20
0.36694742038814
  0
VERTEX
  8
5
  6
CONTINUOUS
 62
8
 10
5.6937032092745
 20
0.36287006237677
  0
VERTEX
  8
5
  6
CONTINUOUS
 62
8
 10
5.6963940113099
 20
0.3601518237025
  0
VERTEX
  8
5
  6
CONTINUOUS
 62
8
 10
5.6993090468484
 20
0.35924574414443
  0
VERTEX
  8
5
  6
CONTINUOUS
 62
8
 10
5.7295805697477
 20
0.35924574414443
  0
VERTEX
  8
5
  6
CONTINUOUS
 62
8
 10
5.7324956052863
 20
0.3601518237025
  0
VERTEX
  8
5
  6
CONTINUOUS
 62
8
 10
5.7351864073218
 20
0.36287006237677
  0
VERTEX
  8
5
  6
CONTINUOUS
 62
8
 10
5.7374287423512
 20
0.36694742038814
  0
VERTEX
  8
5
  6
CONTINUOUS
 62
8
 10
5.7396710773809
 20
0.37261041762617
  0
VERTEX
  8
5
  6
CONTINUOUS
 62
8
 10
5.7412407119016
 20
0.3791794944223
  0
VERTEX
  8
5
  6
CONTINUOUS
 62
8
 10
5.7425861129194
 20
0.38688117066601
  0
VERTEX
  8
5
  6
CONTINUOUS
 62
8
 10
5.7434830469311
 20
0.39548892646782
  0
VERTEX
  8
5
  6
CONTINUOUS
 62
8
 10
5.7437072804341
 20
0.40477624193819
  0
VERTEX
  8
5
  6
CONTINUOUS
 62
8
 10
5.7437072804341
 20
0.48700296183441
  0
VERTEX
  8
5
  6
CONTINUOUS
 62
8
 10
5.7434830469311
 20
0.49606375741525
  0
VERTEX
  8
5
  6
CONTINUOUS
 62
8
 10
5.7425861129194
 20
0.50467151321706
  0
VERTEX
  8
5
  6
CONTINUOUS
 62
8
 10
5.7412407119016
 20
0.51237318946078
  0
VERTEX
  8
5
  6
CONTINUOUS
 62
8
 10
5.7396710773809
 20
0.51916878614641
  0
VERTEX
  8
5
  6
CONTINUOUS
 62
8
 10
5.7374287423512
 20
0.52460526349493
  0
VERTEX
  8
5
  6
CONTINUOUS
 62
8
 10
5.7351864073218
 20
0.52868262150632
  0
VERTEX
  8
5
  6
CONTINUOUS
 62
8
 10
5.7324956052863
 20
0.53140086018057
  0
VERTEX
  8
5
  6
CONTINUOUS
 62
8
 10
5.7295805697477
 20
0.53230693973864
  0
SEQEND
  0
POLYLINE
  8
5
  6
CONTINUOUS
 62
8
 70
0
 66
1
  0
VERTEX
  8
5
  6
CONTINUOUS
 62
8
 10
5.6894427727183
 20
0.58893691211897
  0
VERTEX
  8
5
  6
CONTINUOUS
 62
8
 10
5.6838369351444
 20
0.58553911377614
  0
VERTEX
  8
5
  6
CONTINUOUS
 62
8
 10
5.6782310975703
 20
0.57851699720099
  0
VERTEX
  8
5
  6
CONTINUOUS
 62
8
 10
5.6726252599964
 20
0.56809708228301
  0
VERTEX
  8
5
  6
CONTINUOUS
 62
8
 10
5.6672436559255
 20
0.55541196846983
  0
VERTEX
  8
5
  6
CONTINUOUS
 62
8
 10
5.6623105188604
 20
0.54046165576142
  0
VERTEX
  8
5
  6
CONTINUOUS
 62
8
 10
5.658274315807
 20
0.52392570382637
  0
VERTEX
  8
5
  6
CONTINUOUS
 62
8
 10
5.6553592802686
 20
0.50648367233323
  0
VERTEX
  8
5
  6
CONTINUOUS
 62
8
 10
5.6535654122451
 20
0.48881512095057
  0
VERTEX
  8
5
  6
CONTINUOUS
 62
8
 10
5.6531169452391
 20
0.47114656956792
  0
VERTEX
  8
5
  6
CONTINUOUS
 62
8
 10
5.6546865797598
 20
0.45415757785383
  0
VERTEX
  8
5
  6
CONTINUOUS
 62
8
 10
5.6580500823042
 20
0.43830118558734
  0
VERTEX
  8
5
  6
CONTINUOUS
 62
8
 10
5.6636559198781
 20
0.42448347232655
  0
VERTEX
  8
5
  6
CONTINUOUS
 62
8
 10
5.6715040924817
 20
0.41270443807144
  0
VERTEX
  8
5
  6
CONTINUOUS
 62
8
 10
5.6822673006237
 20
0.40409668226963
  0
VERTEX
  8
5
  6
CONTINUOUS
 62
8
 10
5.6957213108012
 20
0.39866020492112
  0
VERTEX
  8
5
  6
CONTINUOUS
 62
8
 10
5.712538823523
 20
0.39730108558399
  0
VERTEX
  8
5
  6
CONTINUOUS
 62
8
 10
5.7277867017242
 20
0.39956628447921
  0
VERTEX
  8
5
  6
CONTINUOUS
 62
8
 10
5.7407922448957
 20
0.4059088413858
  0
VERTEX
  8
5
  6
CONTINUOUS
 62
8
 10
5.7515554530377
 20
0.41587571652473
  0
VERTEX
  8
5
  6
CONTINUOUS
 62
8
 10
5.76007632615
 20
0.42878735022745
  0
VERTEX
  8
5
  6
CONTINUOUS
 62
8
 10
5.7665790977358
 20
0.44396418282536
  0
VERTEX
  8
5
  6
CONTINUOUS
 62
8
 10
5.770839534292
 20
0.46072665464994
  0
VERTEX
  8
5
  6
CONTINUOUS
 62
8
 10
5.7733061028246
 20
0.47884824581163
  0
VERTEX
  8
5
  6
CONTINUOUS
 62
8
 10
5.7735303363276
 20
0.49742287675238
  0
VERTEX
  8
5
  6
CONTINUOUS
 62
8
 10
5.7719607018069
 20
0.5157709878036
  0
VERTEX
  8
5
  6
CONTINUOUS
 62
8
 10
5.7685971992625
 20
0.53343953918625
  0
VERTEX
  8
5
  6
CONTINUOUS
 62
8
 10
5.7634398286944
 20
0.54997549112131
  0
VERTEX
  8
5
  6
CONTINUOUS
 62
8
 10
5.7564885901028
 20
0.56447276405066
  0
VERTEX
  8
5
  6
CONTINUOUS
 62
8
 10
5.7479677169903
 20
0.57670483808482
  0
VERTEX
  8
5
  6
CONTINUOUS
 62
8
 10
5.7376529758542
 20
0.58553911377614
  0
VERTEX
  8
5
  6
CONTINUOUS
 62
8
 10
5.7257686001975
 20
0.59097559112465
  0
VERTEX
  8
5
  6
CONTINUOUS
 62
8
 10
5.712538823523
 20
0.59188167068273
  0
VERTEX
  8
5
  6
CONTINUOUS
 62
8
 10
5.7067087524461
 20
0.61725189830911
  0
VERTEX
  8
5
  6
CONTINUOUS
 62
8
 10
5.6999817473573
 20
0.64148952648788
  0
VERTEX
  8
5
  6
CONTINUOUS
 62
8
 10
5.6925820417597
 20
0.66482107510858
  0
VERTEX
  8
5
  6
CONTINUOUS
 62
8
 10
5.6842854021502
 20
0.68724654417118
  0
VERTEX
  8
5
  6
CONTINUOUS
 62
8
 10
5.6755402955349
 20
0.70876593367569
  0
VERTEX
  8
5
  6
CONTINUOUS
 62
8
 10
5.6663467219136
 20
0.72937924362213
  0
VERTEX
  8
5
  6
CONTINUOUS
 62
8
 10
5.6564804477835
 20
0.74908647401047
  0
VERTEX
  8
5
  6
CONTINUOUS
 62
8
 10
5.6461657066473
 20
0.76788762484074
  0
VERTEX
  8
5
  6
CONTINUOUS
 62
8
 10
5.6354024985055
 20
0.78578269611293
  0
VERTEX
  8
5
  6
CONTINUOUS
 62
8
 10
5.6241908233575
 20
0.80299820771653
  0
VERTEX
  8
5
  6
CONTINUOUS
 62
8
 10
5.6129791482096
 20
0.81930763976205
  0
VERTEX
  8
5
  6
CONTINUOUS
 62
8
 10
5.6013190060558
 20
0.8347109922495
  0
VERTEX
  8
5
  6
CONTINUOUS
 62
8
 10
5.589658863902
 20
0.84943478506838
  0
VERTEX
  8
5
  6
CONTINUOUS
 62
8
 10
5.5779987217481
 20
0.86325249832917
  0
VERTEX
  8
5
  6
CONTINUOUS
 62
8
 10
5.5661143460914
 20
0.8763906519214
  0
VERTEX
  8
5
  6
CONTINUOUS
 62
8
 10
5.5542299704346
 20
0.88862272595556
  0
VERTEX
  8
5
  6
CONTINUOUS
 62
8
 10
5.5425698282809
 20
0.90040176021066
  0
VERTEX
  8
5
  6
CONTINUOUS
 62
8
 10
5.5311339196299
 20
0.91127471490767
  0
VERTEX
  8
5
  6
CONTINUOUS
 62
8
 10
5.5196980109791
 20
0.92146810993614
  0
VERTEX
  8
5
  6
CONTINUOUS
 62
8
 10
5.5084863358312
 20
0.93098194529602
  0
VERTEX
  8
5
  6
CONTINUOUS
 62
8
 10
5.4977231276892
 20
0.93981622098735
  0
VERTEX
  8
5
  6
CONTINUOUS
 62
8
 10
5.4874083865531
 20
0.94797093701013
  0
VERTEX
  8
5
  6
CONTINUOUS
 62
8
 10
5.4775421124229
 20
0.95544609336433
  0
VERTEX
  8
5
  6
CONTINUOUS
 62
8
 10
5.4681243052988
 20
0.96246820993948
  0
VERTEX
  8
5
  6
CONTINUOUS
 62
8
 10
5.4591549651805
 20
0.96881076684607
  0
VERTEX
  8
5
  6
CONTINUOUS
 62
8
 10
5.4510825590739
 20
0.9744737640841
  0
VERTEX
  8
5
  6
CONTINUOUS
 62
8
 10
5.4434586199734
 20
0.9796837215431
  0
VERTEX
  8
5
  6
CONTINUOUS
 62
8
 10
5.4367316148845
 20
0.98421411933352
  0
VERTEX
  8
5
  6
CONTINUOUS
 62
8
 10
5.4306773103047
 20
0.98829147734491
  0
VERTEX
  8
5
  6
CONTINUOUS
 62
8
 10
5.4255199397368
 20
0.99168927568772
  0
VERTEX
  8
5
  6
CONTINUOUS
 62
8
 10
5.4212595031806
 20
0.9946340342515
  0
VERTEX
  8
5
  6
CONTINUOUS
 62
8
 10
5.4181202341392
 20
0.99712575303624
  0
VERTEX
  8
5
  6
CONTINUOUS
 62
8
 10
5.4019754219261
 20
0.97560636353171
  0
VERTEX
  8
5
  6
CONTINUOUS
 62
8
 10
5.4118416960563
 20
0.96654556795085
  0
VERTEX
  8
5
  6
CONTINUOUS
 62
8
 10
5.4219322036894
 20
0.95771129225953
  0
VERTEX
  8
5
  6
CONTINUOUS
 62
8
 10
5.4317984778196
 20
0.94910353645772
  0
VERTEX
  8
5
  6
CONTINUOUS
 62
8
 10
5.4418889854527
 20
0.94094882043496
  0
VERTEX
  8
5
  6
CONTINUOUS
 62
8
 10
5.4519794930857
 20
0.9327941044122
  0
VERTEX
  8
5
  6
CONTINUOUS
 62
8
 10
5.4622942342217
 20
0.92486590827895
  0
VERTEX
  8
5
  6
CONTINUOUS
 62
8
 10
5.472384741855
 20
0.91693771214572
  0
VERTEX
  8
5
  6
CONTINUOUS
 62
8
 10
5.482475249488
 20
0.90900951601247
  0
VERTEX
  8
5
  6
CONTINUOUS
 62
8
 10
5.4925657571212
 20
0.90108131987923
  0
VERTEX
  8
5
  6
CONTINUOUS
 62
8
 10
5.5024320312513
 20
0.89315312374598
  0
VERTEX
  8
5
  6
CONTINUOUS
 62
8
 10
5.5125225388843
 20
0.88499840772321
  0
VERTEX
  8
5
  6
CONTINUOUS
 62
8
 10
5.5223888130146
 20
0.87661717181094
  0
VERTEX
  8
5
  6
CONTINUOUS
 62
8
 10
5.5322550871446
 20
0.86800941600913
  0
VERTEX
  8
5
  6
CONTINUOUS
 62
8
 10
5.5421213612749
 20
0.8591751403178
  0
VERTEX
  8
5
  6
CONTINUOUS
 62
8
 10
5.5517634019022
 20
0.84988782484743
  0
VERTEX
  8
5
  6
CONTINUOUS
 62
8
 10
5.5614054425292
 20
0.84037398948753
  0
VERTEX
  8
5
  6
CONTINUOUS
 62
8
 10
5.5708232496535
 20
0.83040711434859
  0
VERTEX
  8
5
  6
CONTINUOUS
 62
8
 10
5.5800168232748
 20
0.8197606795411
  0
VERTEX
  8
5
  6
CONTINUOUS
 62
8
 10
5.5892103968961
 20
0.80866120495455
  0
VERTEX
  8
5
  6
CONTINUOUS
 62
8
 10
5.5981797370144
 20
0.79688217069945
  0
VERTEX
  8
5
  6
CONTINUOUS
 62
8
 10
5.6071490771327
 20
0.78442357677578
  0
VERTEX
  8
5
  6
CONTINUOUS
 62
8
 10
5.615669950245
 20
0.77128542318355
  0
VERTEX
  8
5
  6
CONTINUOUS
 62
8
 10
5.6241908233575
 20
0.75724119003325
  0
VERTEX
  8
5
  6
CONTINUOUS
 62
8
 10
5.6324874629669
 20
0.74251739721436
  0
VERTEX
  8
5
  6
CONTINUOUS
 62
8
 10
5.6405598690734
 20
0.72711404472691
  0
VERTEX
  8
5
  6
CONTINUOUS
 62
8
 10
5.648408041677
 20
0.71057809279186
  0
VERTEX
  8
5
  6
CONTINUOUS
 62
8
 10
5.6558077472746
 20
0.69290954140921
  0
VERTEX
  8
5
  6
CONTINUOUS
 62
8
 10
5.6632074528722
 20
0.67456143035798
  0
VERTEX
  8
5
  6
CONTINUOUS
 62
8
 10
5.670158691464
 20
0.65485419996965
  0
VERTEX
  8
5
  6
CONTINUOUS
 62
8
 10
5.6768856965526
 20
0.63401437013368
  0
VERTEX
  8
5
  6
CONTINUOUS
 62
8
 10
5.6833884681384
 20
0.61204194085013
  0
VERTEX
  8
5
  6
CONTINUOUS
 62
8
 10
5.6894427727183
 20
0.58893691211897
  0
SEQEND
  0
POLYLINE
  8
5
  6
CONTINUOUS
 62
8
 70
0
 66
1
  0
VERTEX
  8
5
  6
CONTINUOUS
 62
8
 10
9.0152561679227
 20
2.4404882985776
  0
VERTEX
  8
5
  6
CONTINUOUS
 62
8
 10
9.0195623344505
 20
2.408664089081
  0
VERTEX
  8
5
  6
CONTINUOUS
 62
8
 10
9.0251603509369
 20
2.3759912339979
  0
VERTEX
  8
5
  6
CONTINUOUS
 62
8
 10
9.0311889840758
 20
2.3428940561215
  0
VERTEX
  8
5
  6
CONTINUOUS
 62
8
 10
9.0376482338678
 20
2.3093725554519
  0
VERTEX
  8
5
  6
CONTINUOUS
 62
8
 10
9.0453993336181
 20
2.2758510547821
  0
VERTEX
  8
5
  6
CONTINUOUS
 62
8
 10
9.0531504333683
 20
2.2414809085258
  0
VERTEX
  8
5
  6
CONTINUOUS
 62
8
 10
9.0617627664241
 20
2.207535085063
  0
VERTEX
  8
5
  6
CONTINUOUS
 62
8
 10
9.0712363327857
 20
2.1735892615999
  0
VERTEX
  8
5
  6
CONTINUOUS
 62
8
 10
9.0807098991471
 20
2.1392191153436
  0
VERTEX
  8
5
  6
CONTINUOUS
 62
8
 10
9.091044698814
 20
2.105697614674
  0
VERTEX
  8
5
  6
CONTINUOUS
 62
8
 10
9.1013794984811
 20
2.0721761140042
  0
VERTEX
  8
5
  6
CONTINUOUS
 62
8
 10
9.1121449148009
 20
2.0395032589211
  0
VERTEX
  8
5
  6
CONTINUOUS
 62
8
 10
9.1233409477736
 20
2.006830403838
  0
VERTEX
  8
5
  6
CONTINUOUS
 62
8
 10
9.134967597399
 20
1.9750061943416
  0
VERTEX
  8
5
  6
CONTINUOUS
 62
8
 10
9.1465942470243
 20
1.9440306304316
  0
VERTEX
  8
5
  6
CONTINUOUS
 62
8
 10
9.1582208966497
 20
1.9143280349015
  0
VERTEX
  8
5
  6
CONTINUOUS
 62
8
 10
9.1702781629279
 20
1.8850497621647
  0
VERTEX
  8
5
  6
CONTINUOUS
 62
8
 10
9.182335429206
 20
1.8570444578077
  0
VERTEX
  8
5
  6
CONTINUOUS
 62
8
 10
9.1943926954842
 20
1.8303121218306
  0
VERTEX
  8
5
  6
CONTINUOUS
 62
8
 10
9.2064499617625
 20
1.8048527542334
  0
VERTEX
  8
5
  6
CONTINUOUS
 62
8
 10
9.2185072280407
 20
1.7810906778093
  0
VERTEX
  8
5
  6
CONTINUOUS
 62
8
 10
9.2305644943188
 20
1.7586015697651
  0
VERTEX
  8
5
  6
CONTINUOUS
 62
8
 10
9.2421911439441
 20
1.737809752894
  0
VERTEX
  8
5
  6
CONTINUOUS
 62
8
 10
9.2538177935697
 20
1.7187152271961
  0
VERTEX
  8
5
  6
CONTINUOUS
 62
8
 10
9.2650138265422
 20
1.7013179926713
  0
VERTEX
  8
5
  6
CONTINUOUS
 62
8
 10
9.275779242862
 20
1.6864666949063
  0
VERTEX
  8
5
  6
CONTINUOUS
 62
8
 10
9.2865446591818
 20
1.6733126883144
  0
VERTEX
  8
5
  6
CONTINUOUS
 62
8
 10
9.2968794588489
 20
1.6622802956889
  0
VERTEX
  8
5
  6
CONTINUOUS
 62
8
 10
9.3067836418631
 20
1.6537938398231
  0
VERTEX
  8
5
  6
CONTINUOUS
 62
8
 10
9.3162572082245
 20
1.6474289979238
  0
VERTEX
  8
5
  6
CONTINUOUS
 62
8
 10
9.3253001579332
 20
1.6436100927843
  0
VERTEX
  8
5
  6
CONTINUOUS
 62
8
 10
9.3334818743363
 20
1.6427614471977
  0
VERTEX
  8
5
  6
CONTINUOUS
 62
8
 10
9.3395105074752
 20
1.6457317067507
  0
VERTEX
  8
5
  6
CONTINUOUS
 62
8
 10
9.3451085239617
 20
1.6516722258567
  0
VERTEX
  8
5
  6
CONTINUOUS
 62
8
 10
9.3511371571008
 20
1.6593100361359
  0
VERTEX
  8
5
  6
CONTINUOUS
 62
8
 10
9.356735173587
 20
1.6690694603815
  0
VERTEX
  8
5
  6
CONTINUOUS
 62
8
 10
9.3623331900733
 20
1.6801018530069
  0
VERTEX
  8
5
  6
CONTINUOUS
 62
8
 10
9.3675005899069
 20
1.6928315368056
  0
VERTEX
  8
5
  6
CONTINUOUS
 62
8
 10
9.3726679897404
 20
1.7064098661908
  0
VERTEX
  8
5
  6
CONTINUOUS
 62
8
 10
9.3774047729211
 20
1.7208368411625
  0
VERTEX
  8
5
  6
CONTINUOUS
 62
8
 10
9.3817109394489
 20
1.7356881389276
  0
VERTEX
  8
5
  6
CONTINUOUS
 62
8
 10
9.3860171059769
 20
1.7509637594859
  0
VERTEX
  8
5
  6
CONTINUOUS
 62
8
 10
9.3894620391993
 20
1.765815057251
  0
VERTEX
  8
5
  6
CONTINUOUS
 62
8
 10
9.3929069724216
 20
1.780666355016
  0
VERTEX
  8
5
  6
CONTINUOUS
 62
8
 10
9.3959212889911
 20
1.7946690071945
  0
VERTEX
  8
5
  6
CONTINUOUS
 62
8
 10
9.3985049889078
 20
1.8082473365797
  0
VERTEX
  8
5
  6
CONTINUOUS
 62
8
 10
9.4006580721718
 20
1.8201283747917
  0
VERTEX
  8
5
  6
CONTINUOUS
 62
8
 10
9.4019499221303
 20
1.8307364446239
  0
VERTEX
  8
5
  6
CONTINUOUS
 62
8
 10
9.4114234884916
 20
1.8765633062989
  0
VERTEX
  8
5
  6
CONTINUOUS
 62
8
 10
9.4200358215474
 20
1.925360427527
  0
VERTEX
  8
5
  6
CONTINUOUS
 62
8
 10
9.427356304645
 20
1.9762791627214
  0
VERTEX
  8
5
  6
CONTINUOUS
 62
8
 10
9.4342461710897
 20
2.0297438346756
  0
VERTEX
  8
5
  6
CONTINUOUS
 62
8
 10
9.4398441875759
 20
2.0849057978029
  0
VERTEX
  8
5
  6
CONTINUOUS
 62
8
 10
9.4450115874095
 20
2.14261369769
  0
VERTEX
  8
5
  6
CONTINUOUS
 62
8
 10
9.4493177539375
 20
2.2020188887502
  0
VERTEX
  8
5
  6
CONTINUOUS
 62
8
 10
9.4531933038126
 20
2.2631213709835
  0
VERTEX
  8
5
  6
CONTINUOUS
 62
8
 10
9.4562076203822
 20
2.3263454671833
  0
VERTEX
  8
5
  6
CONTINUOUS
 62
8
 10
9.4587913202988
 20
2.390842531763
  0
VERTEX
  8
5
  6
CONTINUOUS
 62
8
 10
9.46051378691
 20
2.4566125647224
  0
VERTEX
  8
5
  6
CONTINUOUS
 62
8
 10
9.4618056368684
 20
2.5236555660618
  0
VERTEX
  8
5
  6
CONTINUOUS
 62
8
 10
9.4630974868267
 20
2.5919715357812
  0
VERTEX
  8
5
  6
CONTINUOUS
 62
8
 10
9.4635281034795
 20
2.6615604738803
  0
VERTEX
  8
5
  6
CONTINUOUS
 62
8
 10
9.4639587201324
 20
2.7315737347726
  0
VERTEX
  8
5
  6
CONTINUOUS
 62
8
 10
9.4635281034795
 20
2.8028599640449
  0
VERTEX
  8
5
  6
CONTINUOUS
 62
8
 10
9.4635281034795
 20
2.8745705161104
  0
VERTEX
  8
5
  6
CONTINUOUS
 62
8
 10
9.4630974868267
 20
2.9467053909692
  0
VERTEX
  8
5
  6
CONTINUOUS
 62
8
 10
9.4622362535211
 20
3.0196889114147
  0
VERTEX
  8
5
  6
CONTINUOUS
 62
8
 10
9.4613750202155
 20
3.09267243186
  0
VERTEX
  8
5
  6
CONTINUOUS
 62
8
 10
9.46051378691
 20
3.1656559523054
  0
VERTEX
  8
5
  6
CONTINUOUS
 62
8
 10
9.4596525536044
 20
3.2390637955441
  0
VERTEX
  8
5
  6
CONTINUOUS
 62
8
 10
9.4587913202988
 20
3.3120473159894
  0
VERTEX
  8
5
  6
CONTINUOUS
 62
8
 10
9.458360703646
 20
3.3850308364349
  0
VERTEX
  8
5
  6
CONTINUOUS
 62
8
 10
9.4574994703404
 20
3.4580143568804
  0
VERTEX
  8
5
  6
CONTINUOUS
 62
8
 10
9.4570688536877
 20
3.5301492317391
  0
VERTEX
  8
5
  6
CONTINUOUS
 62
8
 10
9.4570688536877
 20
3.6014354610114
  0
VERTEX
  8
5
  6
CONTINUOUS
 62
8
 10
9.4570688536877
 20
3.6722973674903
  0
VERTEX
  8
5
  6
CONTINUOUS
 62
8
 10
9.4574994703404
 20
3.7423106283826
  0
VERTEX
  8
5
  6
CONTINUOUS
 62
8
 10
9.458360703646
 20
3.8114752436885
  0
VERTEX
  8
5
  6
CONTINUOUS
 62
8
 10
9.4592219369515
 20
3.8797912134078
  0
VERTEX
  8
5
  6
CONTINUOUS
 62
8
 10
9.4609444035628
 20
3.9464098919538
  0
VERTEX
  8
5
  6
CONTINUOUS
 62
8
 10
9.4609444035628
 20
3.9527747338531
  0
VERTEX
  8
5
  6
CONTINUOUS
 62
8
 10
9.4609444035628
 20
3.9608368669256
  0
VERTEX
  8
5
  6
CONTINUOUS
 62
8
 10
9.46051378691
 20
3.9701719683778
  0
VERTEX
  8
5
  6
CONTINUOUS
 62
8
 10
9.4600831702573
 20
3.9816286837967
  0
VERTEX
  8
5
  6
CONTINUOUS
 62
8
 10
9.4596525536044
 20
3.9939340448019
  0
VERTEX
  8
5
  6
CONTINUOUS
 62
8
 10
9.4592219369515
 20
4.0075123741873
  0
VERTEX
  8
5
  6
CONTINUOUS
 62
8
 10
9.458360703646
 20
4.0223636719522
  0
VERTEX
  8
5
  6
CONTINUOUS
 62
8
 10
9.4574994703404
 20
4.0380636153039
  0
VERTEX
  8
5
  6
CONTINUOUS
 62
8
 10
9.4562076203822
 20
4.054612204242
  0
VERTEX
  8
5
  6
CONTINUOUS
 62
8
 10
9.4549157704237
 20
4.0720094387668
  0
VERTEX
  8
5
  6
CONTINUOUS
 62
8
 10
9.4536239204653
 20
4.0902553188783
  0
VERTEX
  8
5
  6
CONTINUOUS
 62
8
 10
9.4519014538542
 20
4.1085011989895
  0
VERTEX
  8
5
  6
CONTINUOUS
 62
8
 10
9.4497483705902
 20
4.1271714018942
  0
VERTEX
  8
5
  6
CONTINUOUS
 62
8
 10
9.4475952873262
 20
4.146265927592
  0
VERTEX
  8
5
  6
CONTINUOUS
 62
8
 10
9.4454422040622
 20
4.1657847760832
  0
VERTEX
  8
5
  6
CONTINUOUS
 62
8
 10
9.4428585041455
 20
4.1848793017812
  0
VERTEX
  8
5
  6
CONTINUOUS
 62
8
 10
9.0647770829937
 20
4.1780901370886
  0
VERTEX
  8
5
  6
CONTINUOUS
 62
8
 10
9.0647770829937
 20
2.6411929798024
  0
VERTEX
  8
5
  6
CONTINUOUS
 62
8
 10
9.064346466341
 20
2.6280389732105
  0
VERTEX
  8
5
  6
CONTINUOUS
 62
8
 10
9.0634852330355
 20
2.6144606438253
  0
VERTEX
  8
5
  6
CONTINUOUS
 62
8
 10
9.0630546163826
 20
2.6004579916469
  0
VERTEX
  8
5
  6
CONTINUOUS
 62
8
 10
9.062193383077
 20
2.5864553394684
  0
VERTEX
  8
5
  6
CONTINUOUS
 62
8
 10
9.0613321497715
 20
2.5716040417033
  0
VERTEX
  8
5
  6
CONTINUOUS
 62
8
 10
9.060040299813
 20
2.5571770667316
  0
VERTEX
  8
5
  6
CONTINUOUS
 62
8
 10
9.0583178332019
 20
2.5427500917598
  0
VERTEX
  8
5
  6
CONTINUOUS
 62
8
 10
9.0561647499379
 20
2.5287474395814
  0
VERTEX
  8
5
  6
CONTINUOUS
 62
8
 10
9.0535810500212
 20
2.5147447874028
  0
VERTEX
  8
5
  6
CONTINUOUS
 62
8
 10
9.0505667334516
 20
2.5015907808109
  0
VERTEX
  8
5
  6
CONTINUOUS
 62
8
 10
9.0466911835765
 20
2.4888610970123
  0
VERTEX
  8
5
  6
CONTINUOUS
 62
8
 10
9.0423850170485
 20
2.4769800588003
  0
VERTEX
  8
5
  6
CONTINUOUS
 62
8
 10
9.0367870005623
 20
2.4659476661749
  0
VERTEX
  8
5
  6
CONTINUOUS
 62
8
 10
9.0307583674232
 20
2.4561882419292
  0
VERTEX
  8
5
  6
CONTINUOUS
 62
8
 10
9.0234378843256
 20
2.4477017860634
  0
VERTEX
  8
5
  6
CONTINUOUS
 62
8
 10
9.0152561679227
 20
2.4404882985776
  0
SEQEND
  0
POLYLINE
  8
5
  6
CONTINUOUS
 62
8
 70
0
 66
1
  0
VERTEX
  8
5
  6
CONTINUOUS
 62
8
 10
8.8287991572636
 20
4.1776658142954
  0
VERTEX
  8
5
  6
CONTINUOUS
 62
8
 10
9.006213218214
 20
4.1793631054686
  0
VERTEX
  8
5
  6
CONTINUOUS
 62
8
 10
9.1801823459422
 20
4.181484719435
  0
VERTEX
  8
5
  6
CONTINUOUS
 62
8
 10
9.3502759237951
 20
4.1840306561947
  0
VERTEX
  8
5
  6
CONTINUOUS
 62
8
 10
9.5152021018146
 20
4.1874252385409
  0
VERTEX
  8
5
  6
CONTINUOUS
 62
8
 10
9.5117571685923
 20
4.2073684098255
  0
VERTEX
  8
5
  6
CONTINUOUS
 62
8
 10
9.5083122353699
 20
4.2277359039032
  0
VERTEX
  8
5
  6
CONTINUOUS
 62
8
 10
9.5048673021476
 20
4.2476790751877
  0
VERTEX
  8
5
  6
CONTINUOUS
 62
8
 10
9.5009917522725
 20
4.2680465692656
  0
VERTEX
  8
5
  6
CONTINUOUS
 62
8
 10
9.4966855857445
 20
4.2884140633433
  0
VERTEX
  8
5
  6
CONTINUOUS
 62
8
 10
9.4923794192167
 20
4.308781557421
  0
VERTEX
  8
5
  6
CONTINUOUS
 62
8
 10
9.487642636036
 20
4.3291490514989
  0
VERTEX
  8
5
  6
CONTINUOUS
 62
8
 10
9.4824752362025
 20
4.3495165455767
  0
VERTEX
  8
5
  6
CONTINUOUS
 62
8
 10
9.476877219716
 20
4.3698840396544
  0
VERTEX
  8
5
  6
CONTINUOUS
 62
8
 10
9.4712792032298
 20
4.3906758565255
  0
VERTEX
  8
5
  6
CONTINUOUS
 62
8
 10
9.464819953438
 20
4.4110433506032
  0
VERTEX
  8
5
  6
CONTINUOUS
 62
8
 10
9.458360703646
 20
4.4318351674744
  0
VERTEX
  8
5
  6
CONTINUOUS
 62
8
 10
9.4514708372013
 20
4.4522026615521
  0
VERTEX
  8
5
  6
CONTINUOUS
 62
8
 10
9.4441503541039
 20
4.4729944784233
  0
VERTEX
  8
5
  6
CONTINUOUS
 62
8
 10
9.4359686377008
 20
4.493361972501
  0
VERTEX
  8
5
  6
CONTINUOUS
 62
8
 10
9.4277869212977
 20
4.5141537893721
  0
VERTEX
  8
5
  6
CONTINUOUS
 62
8
 10
9.4187439715892
 20
4.5349456062431
  0
VERTEX
  8
5
  6
CONTINUOUS
 62
8
 10
9.4092704052276
 20
4.555313100321
  0
VERTEX
  8
5
  6
CONTINUOUS
 62
8
 10
9.3993662222134
 20
4.5761049171919
  0
VERTEX
  8
5
  6
CONTINUOUS
 62
8
 10
9.3890314225465
 20
4.5964724112699
  0
VERTEX
  8
5
  6
CONTINUOUS
 62
8
 10
9.3778353895738
 20
4.6172642281408
  0
VERTEX
  8
5
  6
CONTINUOUS
 62
8
 10
9.3662087399484
 20
4.6376317222187
  0
VERTEX
  8
5
  6
CONTINUOUS
 62
8
 10
9.3541514736702
 20
4.6584235390897
  0
VERTEX
  8
5
  6
CONTINUOUS
 62
8
 10
9.3412329740866
 20
4.6787910331676
  0
VERTEX
  8
5
  6
CONTINUOUS
 62
8
 10
9.3274532411972
 20
4.6991585272453
  0
VERTEX
  8
5
  6
CONTINUOUS
 62
8
 10
9.313242891655
 20
4.719526021323
  0
VERTEX
  8
5
  6
CONTINUOUS
 62
8
 10
9.29860192546
 20
4.7398935154009
  0
VERTEX
  8
5
  6
CONTINUOUS
 62
8
 10
9.2826691093067
 20
4.7602610094786
  0
VERTEX
  8
5
  6
CONTINUOUS
 62
8
 10
9.2667362931535
 20
4.7806285035565
  0
VERTEX
  8
5
  6
CONTINUOUS
 62
8
 10
9.2495116270417
 20
4.800571674841
  0
VERTEX
  8
5
  6
CONTINUOUS
 62
8
 10
9.2314257276245
 20
4.8209391689187
  0
VERTEX
  8
5
  6
CONTINUOUS
 62
8
 10
9.2129092115543
 20
4.8408823402032
  0
VERTEX
  8
5
  6
CONTINUOUS
 62
8
 10
8.9429125702534
 20
4.8281526564045
  0
VERTEX
  8
5
  6
CONTINUOUS
 62
8
 10
8.8287991572636
 20
4.1776658142954
  0
SEQEND
  0
POLYLINE
  8
5
  6
CONTINUOUS
 62
8
 70
0
 66
1
  0
VERTEX
  8
5
  6
CONTINUOUS
 62
8
 10
9.0720975660913
 20
4.2701681832321
  0
VERTEX
  8
5
  6
CONTINUOUS
 62
8
 10
9.0720975660913
 20
4.25701417664
  0
VERTEX
  8
5
  6
CONTINUOUS
 62
8
 10
9.0725281827439
 20
4.2438601700481
  0
VERTEX
  8
5
  6
CONTINUOUS
 62
8
 10
9.0733894160495
 20
4.2302818406629
  0
VERTEX
  8
5
  6
CONTINUOUS
 62
8
 10
9.0742506493553
 20
4.217127834071
  0
VERTEX
  8
5
  6
CONTINUOUS
 62
8
 10
9.0755424993135
 20
4.2043981502724
  0
VERTEX
  8
5
  6
CONTINUOUS
 62
8
 10
9.0772649659248
 20
4.1912441436805
  0
VERTEX
  8
5
  6
CONTINUOUS
 62
8
 10
9.0785568158831
 20
4.1785144598819
  0
VERTEX
  8
5
  6
CONTINUOUS
 62
8
 10
9.0807098991471
 20
4.1657847760832
  0
VERTEX
  8
5
  6
CONTINUOUS
 62
8
 10
9.0828629824111
 20
4.153479415078
  0
VERTEX
  8
5
  6
CONTINUOUS
 62
8
 10
9.0850160656751
 20
4.1415983768659
  0
VERTEX
  8
5
  6
CONTINUOUS
 62
8
 10
9.0875997655917
 20
4.1297173386539
  0
VERTEX
  8
5
  6
CONTINUOUS
 62
8
 10
9.0901834655084
 20
4.1178363004418
  0
VERTEX
  8
5
  6
CONTINUOUS
 62
8
 10
9.0927671654253
 20
4.1068039078163
  0
VERTEX
  8
5
  6
CONTINUOUS
 62
8
 10
9.0957814819949
 20
4.0957715151909
  0
VERTEX
  8
5
  6
CONTINUOUS
 62
8
 10
9.0987957985644
 20
4.0851634453587
  0
VERTEX
  8
5
  6
CONTINUOUS
 62
8
 10
9.1018101151338
 20
4.0749796983199
  0
VERTEX
  8
5
  6
CONTINUOUS
 62
8
 10
9.1052550483562
 20
4.0652202740742
  0
VERTEX
  8
5
  6
CONTINUOUS
 62
8
 10
9.1082693649258
 20
4.055885172622
  0
VERTEX
  8
5
  6
CONTINUOUS
 62
8
 10
9.111714298148
 20
4.0473987167562
  0
VERTEX
  8
5
  6
CONTINUOUS
 62
8
 10
9.1151592313705
 20
4.0389122608904
  0
VERTEX
  8
5
  6
CONTINUOUS
 62
8
 10
9.1186041645927
 20
4.0312744506112
  0
VERTEX
  8
5
  6
CONTINUOUS
 62
8
 10
9.1220490978152
 20
4.0240609631254
  0
VERTEX
  8
5
  6
CONTINUOUS
 62
8
 10
9.1254940310374
 20
4.017696121226
  0
VERTEX
  8
5
  6
CONTINUOUS
 62
8
 10
9.1289389642598
 20
4.0117556021202
  0
VERTEX
  8
5
  6
CONTINUOUS
 62
8
 10
9.1323838974821
 20
4.0062394058073
  0
VERTEX
  8
5
  6
CONTINUOUS
 62
8
 10
9.1358288307045
 20
4.0019961778745
  0
VERTEX
  8
5
  6
CONTINUOUS
 62
8
 10
9.1392737639268
 20
3.9981772727348
  0
VERTEX
  8
5
  6
CONTINUOUS
 62
8
 10
9.1427186971492
 20
3.9947826903886
  0
VERTEX
  8
5
  6
CONTINUOUS
 62
8
 10
9.1457330137188
 20
3.9926610764222
  0
VERTEX
  8
5
  6
CONTINUOUS
 62
8
 10
9.149177946941
 20
3.990963785249
  0
VERTEX
  8
5
  6
CONTINUOUS
 62
8
 10
9.1521922635106
 20
3.9905394624557
  0
VERTEX
  8
5
  6
CONTINUOUS
 62
8
 10
9.1552065800801
 20
3.9905394624557
  0
VERTEX
  8
5
  6
CONTINUOUS
 62
8
 10
9.1616658298721
 20
3.9892664940758
  0
VERTEX
  8
5
  6
CONTINUOUS
 62
8
 10
9.1676944630111
 20
3.9905394624557
  0
VERTEX
  8
5
  6
CONTINUOUS
 62
8
 10
9.1737230961502
 20
3.9939340448019
  0
VERTEX
  8
5
  6
CONTINUOUS
 62
8
 10
9.1797517292893
 20
3.999874563908
  0
VERTEX
  8
5
  6
CONTINUOUS
 62
8
 10
9.1849191291229
 20
4.0079366969805
  0
VERTEX
  8
5
  6
CONTINUOUS
 62
8
 10
9.1900865289564
 20
4.017696121226
  0
VERTEX
  8
5
  6
CONTINUOUS
 62
8
 10
9.1948233121371
 20
4.0291528366449
  0
VERTEX
  8
5
  6
CONTINUOUS
 62
8
 10
9.1995600953178
 20
4.0423068432368
  0
VERTEX
  8
5
  6
CONTINUOUS
 62
8
 10
9.2034356451929
 20
4.0567338182085
  0
VERTEX
  8
5
  6
CONTINUOUS
 62
8
 10
9.207311195068
 20
4.0728580843535
  0
VERTEX
  8
5
  6
CONTINUOUS
 62
8
 10
9.2103255116376
 20
4.0894066732916
  0
VERTEX
  8
5
  6
CONTINUOUS
 62
8
 10
9.2133398282072
 20
4.1072282306096
  0
VERTEX
  8
5
  6
CONTINUOUS
 62
8
 10
9.2154929114712
 20
4.1258984335143
  0
VERTEX
  8
5
  6
CONTINUOUS
 62
8
 10
9.2172153780823
 20
4.1449929592123
  0
VERTEX
  8
5
  6
CONTINUOUS
 62
8
 10
9.2185072280407
 20
4.1645118077035
  0
VERTEX
  8
5
  6
CONTINUOUS
 62
8
 10
9.2193684613463
 20
4.1844549789879
  0
VERTEX
  8
5
  6
CONTINUOUS
 62
8
 10
9.2189378446934
 20
4.2056711186523
  0
VERTEX
  8
5
  6
CONTINUOUS
 62
8
 10
9.2185072280407
 20
4.2268872583167
  0
VERTEX
  8
5
  6
CONTINUOUS
 62
8
 10
9.2176459947352
 20
4.248103397981
  0
VERTEX
  8
5
  6
CONTINUOUS
 62
8
 10
9.2167847614294
 20
4.2688952148521
  0
VERTEX
  8
5
  6
CONTINUOUS
 62
8
 10
9.2159235281238
 20
4.2901113545165
  0
VERTEX
  8
5
  6
CONTINUOUS
 62
8
 10
9.2146316781656
 20
4.3109031713875
  0
VERTEX
  8
5
  6
CONTINUOUS
 62
8
 10
9.2133398282072
 20
4.3316949882586
  0
VERTEX
  8
5
  6
CONTINUOUS
 62
8
 10
9.2120479782487
 20
4.352911127923
  0
VERTEX
  8
5
  6
CONTINUOUS
 62
8
 10
9.2103255116376
 20
4.373702944794
  0
VERTEX
  8
5
  6
CONTINUOUS
 62
8
 10
9.2090336616792
 20
4.3944947616652
  0
VERTEX
  8
5
  6
CONTINUOUS
 62
8
 10
9.207311195068
 20
4.4152865785361
  0
VERTEX
  8
5
  6
CONTINUOUS
 62
8
 10
9.205158111804
 20
4.435654072614
  0
VERTEX
  8
5
  6
CONTINUOUS
 62
8
 10
9.2034356451929
 20
4.456445889485
  0
VERTEX
  8
5
  6
CONTINUOUS
 62
8
 10
9.2012825619289
 20
4.4772377063561
  0
VERTEX
  8
5
  6
CONTINUOUS
 62
8
 10
9.1995600953178
 20
4.4976052004338
  0
VERTEX
  8
5
  6
CONTINUOUS
 62
8
 10
9.1974070120538
 20
4.518397017305
  0
VERTEX
  8
5
  6
CONTINUOUS
 62
8
 10
9.1952539287898
 20
4.5387645113827
  0
VERTEX
  8
5
  6
CONTINUOUS
 62
8
 10
9.193100845526
 20
4.5591320054606
  0
VERTEX
  8
5
  6
CONTINUOUS
 62
8
 10
9.1905171456091
 20
4.5794994995383
  0
VERTEX
  8
5
  6
CONTINUOUS
 62
8
 10
9.1883640623451
 20
4.599866993616
  0
VERTEX
  8
5
  6
CONTINUOUS
 62
8
 10
9.1862109790813
 20
4.6202344876939
  0
VERTEX
  8
5
  6
CONTINUOUS
 62
8
 10
9.1836272791644
 20
4.6406019817717
  0
VERTEX
  8
5
  6
CONTINUOUS
 62
8
 10
9.1814741959004
 20
4.6609694758494
  0
VERTEX
  8
5
  6
CONTINUOUS
 62
8
 10
9.1793211126366
 20
4.6813369699273
  0
VERTEX
  8
5
  6
CONTINUOUS
 62
8
 10
9.1767374127197
 20
4.701704464005
  0
VERTEX
  8
5
  6
CONTINUOUS
 62
8
 10
9.1745843294557
 20
4.7220719580829
  0
VERTEX
  8
5
  6
CONTINUOUS
 62
8
 10
9.1724312461919
 20
4.7420151293674
  0
VERTEX
  8
5
  6
CONTINUOUS
 62
8
 10
9.1702781629279
 20
4.7623826234451
  0
VERTEX
  8
5
  6
CONTINUOUS
 62
8
 10
9.1676944630111
 20
4.782750117523
  0
VERTEX
  8
5
  6
CONTINUOUS
 62
8
 10
9.1659719963999
 20
4.8026932888074
  0
VERTEX
  8
5
  6
CONTINUOUS
 62
8
 10
9.1638189131359
 20
4.8230607828851
  0
VERTEX
  8
5
  6
CONTINUOUS
 62
8
 10
9.1616658298721
 20
4.8430039541696
  0
VERTEX
  8
5
  6
CONTINUOUS
 62
8
 10
9.0837242157166
 20
4.8400336946167
  0
VERTEX
  8
5
  6
CONTINUOUS
 62
8
 10
9.0720975660913
 20
4.2701681832321
  0
SEQEND
  0
POLYLINE
  8
5
  6
CONTINUOUS
 62
8
 70
0
 66
1
  0
VERTEX
  8
5
  6
CONTINUOUS
 62
8
 10
8.8443013567641
 20
3.2517934793428
  0
VERTEX
  8
5
  6
CONTINUOUS
 62
8
 10
8.8443013567641
 20
3.2764042013534
  0
VERTEX
  8
5
  6
CONTINUOUS
 62
8
 10
9.0294665174647
 20
3.2764042013534
  0
VERTEX
  8
5
  6
CONTINUOUS
 62
8
 10
9.0294665174647
 20
3.2517934793428
  0
VERTEX
  8
5
  6
CONTINUOUS
 62
8
 10
8.8443013567641
 20
3.2517934793428
  0
SEQEND
  0
POLYLINE
  8
5
  6
CONTINUOUS
 62
8
 70
0
 66
1
  0
VERTEX
  8
5
  6
CONTINUOUS
 62
8
 10
8.7788476255395
 20
3.8034131106161
  0
VERTEX
  8
5
  6
CONTINUOUS
 62
8
 10
8.7689434425254
 20
3.7274593306177
  0
VERTEX
  8
5
  6
CONTINUOUS
 62
8
 10
8.761192342775
 20
3.6544758101722
  0
VERTEX
  8
5
  6
CONTINUOUS
 62
8
 10
8.7547330929832
 20
3.5840382264867
  0
VERTEX
  8
5
  6
CONTINUOUS
 62
8
 10
8.7499963098025
 20
3.5165709023538
  0
VERTEX
  8
5
  6
CONTINUOUS
 62
8
 10
8.7469819932329
 20
3.451649514981
  0
VERTEX
  8
5
  6
CONTINUOUS
 62
8
 10
8.7452595266218
 20
3.3892740643678
  0
VERTEX
  8
5
  6
CONTINUOUS
 62
8
 10
8.7448289099689
 20
3.3294445505142
  0
VERTEX
  8
5
  6
CONTINUOUS
 62
8
 10
8.7461207599274
 20
3.2721609734205
  0
VERTEX
  8
5
  6
CONTINUOUS
 62
8
 10
8.7482738431914
 20
3.2174233330865
  0
VERTEX
  8
5
  6
CONTINUOUS
 62
8
 10
8.7517187764136
 20
3.1648073067187
  0
VERTEX
  8
5
  6
CONTINUOUS
 62
8
 10
8.7564555595943
 20
3.1147372171109
  0
VERTEX
  8
5
  6
CONTINUOUS
 62
8
 10
8.7620535760807
 20
3.0667887414694
  0
VERTEX
  8
5
  6
CONTINUOUS
 62
8
 10
8.7689434425254
 20
3.0213862025877
  0
VERTEX
  8
5
  6
CONTINUOUS
 62
8
 10
8.7766945422757
 20
2.9781052776726
  0
VERTEX
  8
5
  6
CONTINUOUS
 62
8
 10
8.7853068753315
 20
2.9365216439302
  0
VERTEX
  8
5
  6
CONTINUOUS
 62
8
 10
8.7943498250402
 20
2.8974839469478
  0
VERTEX
  8
5
  6
CONTINUOUS
 62
8
 10
8.8046846247071
 20
2.8601435411386
  0
VERTEX
  8
5
  6
CONTINUOUS
 62
8
 10
8.8150194243742
 20
2.8249247492958
  0
VERTEX
  8
5
  6
CONTINUOUS
 62
8
 10
8.8266460739996
 20
2.7914032486262
  0
VERTEX
  8
5
  6
CONTINUOUS
 62
8
 10
8.8382727236249
 20
2.7600033619228
  0
VERTEX
  8
5
  6
CONTINUOUS
 62
8
 10
8.8503299899032
 20
2.7303007663927
  0
VERTEX
  8
5
  6
CONTINUOUS
 62
8
 10
8.8632484894868
 20
2.7022954620359
  0
VERTEX
  8
5
  6
CONTINUOUS
 62
8
 10
8.8761669890706
 20
2.6759874488519
  0
VERTEX
  8
5
  6
CONTINUOUS
 62
8
 10
8.8890854886544
 20
2.6513767268413
  0
VERTEX
  8
5
  6
CONTINUOUS
 62
8
 10
8.9028652215438
 20
2.6284632960039
  0
VERTEX
  8
5
  6
CONTINUOUS
 62
8
 10
8.9162143377804
 20
2.6068228335463
  0
VERTEX
  8
5
  6
CONTINUOUS
 62
8
 10
8.9295634540169
 20
2.5868796622616
  0
VERTEX
  8
5
  6
CONTINUOUS
 62
8
 10
8.9433431869063
 20
2.5682094593571
  0
VERTEX
  8
5
  6
CONTINUOUS
 62
8
 10
8.9566923031428
 20
2.5508122248323
  0
VERTEX
  8
5
  6
CONTINUOUS
 62
8
 10
8.9696108027266
 20
2.5351122814807
  0
VERTEX
  8
5
  6
CONTINUOUS
 62
8
 10
8.9829599189633
 20
2.5202609837156
  0
VERTEX
  8
5
  6
CONTINUOUS
 62
8
 10
8.9954478018942
 20
2.5066826543303
  0
VERTEX
  8
5
  6
CONTINUOUS
 62
8
 10
9.0126724680058
 20
2.4447315265105
  0
VERTEX
  8
5
  6
CONTINUOUS
 62
8
 10
9.0174092511865
 20
2.4468531404769
  0
VERTEX
  8
5
  6
CONTINUOUS
 62
8
 10
9.0221460343674
 20
2.4502477228231
  0
VERTEX
  8
5
  6
CONTINUOUS
 62
8
 10
9.026882817548
 20
2.4549152735494
  0
VERTEX
  8
5
  6
CONTINUOUS
 62
8
 10
9.0311889840758
 20
2.4604314698621
  0
VERTEX
  8
5
  6
CONTINUOUS
 62
8
 10
9.0354951506038
 20
2.4667963117614
  0
VERTEX
  8
5
  6
CONTINUOUS
 62
8
 10
9.039370700479
 20
2.4744341220406
  0
VERTEX
  8
5
  6
CONTINUOUS
 62
8
 10
9.0428156337014
 20
2.482496255113
  0
VERTEX
  8
5
  6
CONTINUOUS
 62
8
 10
9.0462605669237
 20
2.4909827109787
  0
VERTEX
  8
5
  6
CONTINUOUS
 62
8
 10
9.0497055001461
 20
2.4998934896377
  0
VERTEX
  8
5
  6
CONTINUOUS
 62
8
 10
9.0527198167155
 20
2.5088042682968
  0
VERTEX
  8
5
  6
CONTINUOUS
 62
8
 10
9.0553035166323
 20
2.5181393697492
  0
VERTEX
  8
5
  6
CONTINUOUS
 62
8
 10
9.0574565998963
 20
2.5274744712015
  0
VERTEX
  8
5
  6
CONTINUOUS
 62
8
 10
9.0596096831603
 20
2.5363852498605
  0
VERTEX
  8
5
  6
CONTINUOUS
 62
8
 10
9.0617627664241
 20
2.5452960285195
  0
VERTEX
  8
5
  6
CONTINUOUS
 62
8
 10
9.0630546163826
 20
2.5537824843852
  0
VERTEX
  8
5
  6
CONTINUOUS
 62
8
 10
9.064346466341
 20
2.5614202946645
  0
VERTEX
  8
5
  6
CONTINUOUS
 62
8
 10
9.0613321497715
 20
3.6370785756475
  0
VERTEX
  8
5
  6
CONTINUOUS
 62
8
 10
8.7788476255395
 20
3.8034131106161
  0
SEQEND
  0
POLYLINE
  8
5
  6
CONTINUOUS
 62
8
 70
0
 66
1
  0
VERTEX
  8
5
  6
CONTINUOUS
 62
8
 10
8.8356890237082
 20
3.3812119312953
  0
VERTEX
  8
5
  6
CONTINUOUS
 62
8
 10
9.0217154177145
 20
3.3829092224685
  0
VERTEX
  8
5
  6
CONTINUOUS
 62
8
 10
9.0217154177145
 20
3.3973361974403
  0
VERTEX
  8
5
  6
CONTINUOUS
 62
8
 10
9.0212848010618
 20
3.4117631724119
  0
VERTEX
  8
5
  6
CONTINUOUS
 62
8
 10
9.0212848010618
 20
3.4261901473838
  0
VERTEX
  8
5
  6
CONTINUOUS
 62
8
 10
9.0208541844089
 20
3.4406171223556
  0
VERTEX
  8
5
  6
CONTINUOUS
 62
8
 10
9.020423567756
 20
3.4554684201205
  0
VERTEX
  8
5
  6
CONTINUOUS
 62
8
 10
9.020423567756
 20
3.4698953950923
  0
VERTEX
  8
5
  6
CONTINUOUS
 62
8
 10
9.0199929511034
 20
3.4847466928574
  0
VERTEX
  8
5
  6
CONTINUOUS
 62
8
 10
9.0199929511034
 20
3.4995979906225
  0
VERTEX
  8
5
  6
CONTINUOUS
 62
8
 10
9.0195623344505
 20
3.5140249655941
  0
VERTEX
  8
5
  6
CONTINUOUS
 62
8
 10
9.0191317177978
 20
3.5288762633592
  0
VERTEX
  8
5
  6
CONTINUOUS
 62
8
 10
9.0191317177978
 20
3.543303238331
  0
VERTEX
  8
5
  6
CONTINUOUS
 62
8
 10
9.0187011011449
 20
3.5581545360961
  0
VERTEX
  8
5
  6
CONTINUOUS
 62
8
 10
9.0187011011449
 20
3.5725815110678
  0
VERTEX
  8
5
  6
CONTINUOUS
 62
8
 10
9.0187011011449
 20
3.5874328088328
  0
VERTEX
  8
5
  6
CONTINUOUS
 62
8
 10
9.0182704844922
 20
3.6018597838047
  0
VERTEX
  8
5
  6
CONTINUOUS
 62
8
 10
9.0182704844922
 20
3.6162867587763
  0
VERTEX
  8
5
  6
CONTINUOUS
 62
8
 10
8.8477462899863
 20
3.7164269379923
  0
VERTEX
  8
5
  6
CONTINUOUS
 62
8
 10
8.8468850566807
 20
3.7066675137466
  0
VERTEX
  8
5
  6
CONTINUOUS
 62
8
 10
8.8460238233752
 20
3.6969080895011
  0
VERTEX
  8
5
  6
CONTINUOUS
 62
8
 10
8.8451625900696
 20
3.6867243424621
  0
VERTEX
  8
5
  6
CONTINUOUS
 62
8
 10
8.8443013567641
 20
3.6769649182164
  0
VERTEX
  8
5
  6
CONTINUOUS
 62
8
 10
8.8438707401112
 20
3.6672054939709
  0
VERTEX
  8
5
  6
CONTINUOUS
 62
8
 10
8.8430095068056
 20
3.6570217469319
  0
VERTEX
  8
5
  6
CONTINUOUS
 62
8
 10
8.8421482735001
 20
3.6468379998932
  0
VERTEX
  8
5
  6
CONTINUOUS
 62
8
 10
8.8417176568472
 20
3.6366542528542
  0
VERTEX
  8
5
  6
CONTINUOUS
 62
8
 10
8.8408564235416
 20
3.6264705058153
  0
VERTEX
  8
5
  6
CONTINUOUS
 62
8
 10
8.8404258068889
 20
3.6162867587763
  0
VERTEX
  8
5
  6
CONTINUOUS
 62
8
 10
8.8395645735834
 20
3.6061030117376
  0
VERTEX
  8
5
  6
CONTINUOUS
 62
8
 10
8.8391339569305
 20
3.5954949419054
  0
VERTEX
  8
5
  6
CONTINUOUS
 62
8
 10
8.8387033402778
 20
3.5853111948664
  0
VERTEX
  8
5
  6
CONTINUOUS
 62
8
 10
8.8378421069721
 20
3.5747031250342
  0
VERTEX
  8
5
  6
CONTINUOUS
 62
8
 10
8.8374114903194
 20
3.5645193779954
  0
VERTEX
  8
5
  6
CONTINUOUS
 62
8
 10
8.8369808736665
 20
3.5539113081632
  0
VERTEX
  8
5
  6
CONTINUOUS
 62
8
 10
8.8365502570138
 20
3.543303238331
  0
VERTEX
  8
5
  6
CONTINUOUS
 62
8
 10
8.8361196403609
 20
3.5326951684988
  0
VERTEX
  8
5
  6
CONTINUOUS
 62
8
 10
8.8356890237082
 20
3.5220870986666
  0
VERTEX
  8
5
  6
CONTINUOUS
 62
8
 10
8.8356890237082
 20
3.5114790288344
  0
VERTEX
  8
5
  6
CONTINUOUS
 62
8
 10
8.8352584070554
 20
3.5008709590022
  0
VERTEX
  8
5
  6
CONTINUOUS
 62
8
 10
8.8352584070554
 20
3.49026288917
  0
VERTEX
  8
5
  6
CONTINUOUS
 62
8
 10
8.8348277904025
 20
3.4792304965446
  0
VERTEX
  8
5
  6
CONTINUOUS
 62
8
 10
8.8348277904025
 20
3.4686224267124
  0
VERTEX
  8
5
  6
CONTINUOUS
 62
8
 10
8.8348277904025
 20
3.4575900340869
  0
VERTEX
  8
5
  6
CONTINUOUS
 62
8
 10
8.8348277904025
 20
3.4469819642547
  0
VERTEX
  8
5
  6
CONTINUOUS
 62
8
 10
8.8348277904025
 20
3.4359495716293
  0
VERTEX
  8
5
  6
CONTINUOUS
 62
8
 10
8.8348277904025
 20
3.4249171790038
  0
VERTEX
  8
5
  6
CONTINUOUS
 62
8
 10
8.8348277904025
 20
3.4143091091716
  0
VERTEX
  8
5
  6
CONTINUOUS
 62
8
 10
8.8352584070554
 20
3.4032767165462
  0
VERTEX
  8
5
  6
CONTINUOUS
 62
8
 10
8.8352584070554
 20
3.3922443239207
  0
VERTEX
  8
5
  6
CONTINUOUS
 62
8
 10
8.8356890237082
 20
3.3812119312953
  0
SEQEND
  0
POLYLINE
  8
5
  6
CONTINUOUS
 62
8
 70
0
 66
1
  0
VERTEX
  8
5
  6
CONTINUOUS
 62
8
 10
8.7491350764969
 20
3.2772528469399
  0
VERTEX
  8
5
  6
CONTINUOUS
 62
8
 10
9.0294665174647
 20
3.2768285241466
  0
VERTEX
  8
5
  6
CONTINUOUS
 62
8
 10
9.0294665174647
 20
2.7027197848291
  0
VERTEX
  8
5
  6
CONTINUOUS
 62
8
 10
9.029035900812
 20
2.6874441642708
  0
VERTEX
  8
5
  6
CONTINUOUS
 62
8
 10
9.0286052841592
 20
2.6725928665057
  0
VERTEX
  8
5
  6
CONTINUOUS
 62
8
 10
9.0277440508536
 20
2.6577415687406
  0
VERTEX
  8
5
  6
CONTINUOUS
 62
8
 10
9.026882817548
 20
2.6433145937688
  0
VERTEX
  8
5
  6
CONTINUOUS
 62
8
 10
9.0255909675896
 20
2.6293119415904
  0
VERTEX
  8
5
  6
CONTINUOUS
 62
8
 10
9.0242991176312
 20
2.6153092894118
  0
VERTEX
  8
5
  6
CONTINUOUS
 62
8
 10
9.02257665102
 20
2.6017309600267
  0
VERTEX
  8
5
  6
CONTINUOUS
 62
8
 10
9.0208541844089
 20
2.5885769534348
  0
VERTEX
  8
5
  6
CONTINUOUS
 62
8
 10
9.0187011011449
 20
2.5762715924294
  0
VERTEX
  8
5
  6
CONTINUOUS
 62
8
 10
9.0161174012282
 20
2.5643905542174
  0
VERTEX
  8
5
  6
CONTINUOUS
 62
8
 10
9.0131030846587
 20
2.5529338387987
  0
VERTEX
  8
5
  6
CONTINUOUS
 62
8
 10
9.0100887680891
 20
2.5423257689665
  0
VERTEX
  8
5
  6
CONTINUOUS
 62
8
 10
9.0066438348667
 20
2.5325663447208
  0
VERTEX
  8
5
  6
CONTINUOUS
 62
8
 10
9.0027682849916
 20
2.5236555660618
  0
VERTEX
  8
5
  6
CONTINUOUS
 62
8
 10
8.9984621184637
 20
2.5155934329895
  0
VERTEX
  8
5
  6
CONTINUOUS
 62
8
 10
8.9937253352831
 20
2.5083799455035
  0
VERTEX
  8
5
  6
CONTINUOUS
 62
8
 10
8.9756394358657
 20
2.5287474395814
  0
VERTEX
  8
5
  6
CONTINUOUS
 62
8
 10
8.9588453864068
 20
2.5499635792456
  0
VERTEX
  8
5
  6
CONTINUOUS
 62
8
 10
8.9424819536007
 20
2.5720283644967
  0
VERTEX
  8
5
  6
CONTINUOUS
 62
8
 10
8.9269797541002
 20
2.5940931497476
  0
VERTEX
  8
5
  6
CONTINUOUS
 62
8
 10
8.9123387879051
 20
2.617006580585
  0
VERTEX
  8
5
  6
CONTINUOUS
 62
8
 10
8.8985590550158
 20
2.6403443342159
  0
VERTEX
  8
5
  6
CONTINUOUS
 62
8
 10
8.8856405554321
 20
2.66410641064
  0
VERTEX
  8
5
  6
CONTINUOUS
 62
8
 10
8.8735832891539
 20
2.6882928098573
  0
VERTEX
  8
5
  6
CONTINUOUS
 62
8
 10
8.8619566395285
 20
2.7124792090746
  0
VERTEX
  8
5
  6
CONTINUOUS
 62
8
 10
8.8507606065559
 20
2.7375142538787
  0
VERTEX
  8
5
  6
CONTINUOUS
 62
8
 10
8.8408564235416
 20
2.7625492986825
  0
VERTEX
  8
5
  6
CONTINUOUS
 62
8
 10
8.8313828571802
 20
2.7875843434866
  0
VERTEX
  8
5
  6
CONTINUOUS
 62
8
 10
8.8223399074716
 20
2.8130437110838
  0
VERTEX
  8
5
  6
CONTINUOUS
 62
8
 10
8.8141581910684
 20
2.8385030786809
  0
VERTEX
  8
5
  6
CONTINUOUS
 62
8
 10
8.8064070913182
 20
2.8643867690715
  0
VERTEX
  8
5
  6
CONTINUOUS
 62
8
 10
8.7995172248735
 20
2.8898461366687
  0
VERTEX
  8
5
  6
CONTINUOUS
 62
8
 10
8.7930579750817
 20
2.9157298270593
  0
VERTEX
  8
5
  6
CONTINUOUS
 62
8
 10
8.7870293419426
 20
2.9416135174498
  0
VERTEX
  8
5
  6
CONTINUOUS
 62
8
 10
8.7814313254563
 20
2.9670728850469
  0
VERTEX
  8
5
  6
CONTINUOUS
 62
8
 10
8.7766945422757
 20
2.9925322526442
  0
VERTEX
  8
5
  6
CONTINUOUS
 62
8
 10
8.7719577590948
 20
3.0179916202415
  0
VERTEX
  8
5
  6
CONTINUOUS
 62
8
 10
8.7680822092197
 20
3.0434509878388
  0
VERTEX
  8
5
  6
CONTINUOUS
 62
8
 10
8.7646372759974
 20
3.0684860326426
  0
VERTEX
  8
5
  6
CONTINUOUS
 62
8
 10
8.7616229594279
 20
3.0930967546534
  0
VERTEX
  8
5
  6
CONTINUOUS
 62
8
 10
8.7586086428583
 20
3.117707476664
  0
VERTEX
  8
5
  6
CONTINUOUS
 62
8
 10
8.7564555595943
 20
3.1418938758813
  0
VERTEX
  8
5
  6
CONTINUOUS
 62
8
 10
8.7543024763303
 20
3.1656559523054
  0
VERTEX
  8
5
  6
CONTINUOUS
 62
8
 10
8.7525800097192
 20
3.1889937059363
  0
VERTEX
  8
5
  6
CONTINUOUS
 62
8
 10
8.7512881597609
 20
3.2119071367737
  0
VERTEX
  8
5
  6
CONTINUOUS
 62
8
 10
8.7504269264552
 20
3.2339719220246
  0
VERTEX
  8
5
  6
CONTINUOUS
 62
8
 10
8.7495656931496
 20
3.2560367072757
  0
VERTEX
  8
5
  6
CONTINUOUS
 62
8
 10
8.7491350764969
 20
3.2772528469399
  0
SEQEND
  0
POLYLINE
  8
5
  6
CONTINUOUS
 62
8
 70
0
 66
1
  0
VERTEX
  8
5
  6
CONTINUOUS
 62
8
 10
9.130661430871
 20
4.4585675034514
  0
VERTEX
  8
5
  6
CONTINUOUS
 62
8
 10
9.1358288307045
 20
4.4466864652395
  0
VERTEX
  8
5
  6
CONTINUOUS
 62
8
 10
9.1401349972323
 20
4.4377756865805
  0
VERTEX
  8
5
  6
CONTINUOUS
 62
8
 10
9.1444411637603
 20
4.4309865218879
  0
VERTEX
  8
5
  6
CONTINUOUS
 62
8
 10
9.1478860969828
 20
4.426743293955
  0
VERTEX
  8
5
  6
CONTINUOUS
 62
8
 10
9.151331030205
 20
4.4246216799886
  0
VERTEX
  8
5
  6
CONTINUOUS
 62
8
 10
9.1543453467746
 20
4.4241973571951
  0
VERTEX
  8
5
  6
CONTINUOUS
 62
8
 10
9.1569290466913
 20
4.4250460027818
  0
VERTEX
  8
5
  6
CONTINUOUS
 62
8
 10
9.1595127466081
 20
4.4271676167483
  0
VERTEX
  8
5
  6
CONTINUOUS
 62
8
 10
9.1616658298721
 20
4.4305621990944
  0
VERTEX
  8
5
  6
CONTINUOUS
 62
8
 10
9.1638189131359
 20
4.4343811042341
  0
VERTEX
  8
5
  6
CONTINUOUS
 62
8
 10
9.1655413797473
 20
4.438624332167
  0
VERTEX
  8
5
  6
CONTINUOUS
 62
8
 10
9.1672638463584
 20
4.4432918828931
  0
VERTEX
  8
5
  6
CONTINUOUS
 62
8
 10
9.1694169296224
 20
4.4479594336192
  0
VERTEX
  8
5
  6
CONTINUOUS
 62
8
 10
9.1711393962335
 20
4.4522026615521
  0
VERTEX
  8
5
  6
CONTINUOUS
 62
8
 10
9.1728618628446
 20
4.4555972438985
  0
VERTEX
  8
5
  6
CONTINUOUS
 62
8
 10
9.1745843294557
 20
4.4585675034514
  0
SEQEND
  0
POLYLINE
  8
5
  6
CONTINUOUS
 62
8
 70
0
 66
1
  0
VERTEX
  8
5
  6
CONTINUOUS
 62
8
 10
9.1186041645927
 20
4.65587760233
  0
VERTEX
  8
5
  6
CONTINUOUS
 62
8
 10
9.1250634143847
 20
4.643996564118
  0
VERTEX
  8
5
  6
CONTINUOUS
 62
8
 10
9.130661430871
 20
4.635085785459
  0
VERTEX
  8
5
  6
CONTINUOUS
 62
8
 10
9.1358288307045
 20
4.6282966207663
  0
VERTEX
  8
5
  6
CONTINUOUS
 62
8
 10
9.1401349972323
 20
4.6240533928334
  0
VERTEX
  8
5
  6
CONTINUOUS
 62
8
 10
9.1444411637603
 20
4.6219317788669
  0
VERTEX
  8
5
  6
CONTINUOUS
 62
8
 10
9.1483167136355
 20
4.6215074560737
  0
VERTEX
  8
5
  6
CONTINUOUS
 62
8
 10
9.1517616468579
 20
4.6223561016604
  0
VERTEX
  8
5
  6
CONTINUOUS
 62
8
 10
9.1547759634274
 20
4.6244777156268
  0
VERTEX
  8
5
  6
CONTINUOUS
 62
8
 10
9.1573596633441
 20
4.627872297973
  0
VERTEX
  8
5
  6
CONTINUOUS
 62
8
 10
9.1599433632608
 20
4.6316912031126
  0
VERTEX
  8
5
  6
CONTINUOUS
 62
8
 10
9.1625270631777
 20
4.6359344310455
  0
VERTEX
  8
5
  6
CONTINUOUS
 62
8
 10
9.1646801464415
 20
4.6406019817717
  0
VERTEX
  8
5
  6
CONTINUOUS
 62
8
 10
9.1668332297055
 20
4.6452695324978
  0
VERTEX
  8
5
  6
CONTINUOUS
 62
8
 10
9.1689863129695
 20
4.6495127604307
  0
VERTEX
  8
5
  6
CONTINUOUS
 62
8
 10
9.1711393962335
 20
4.6529073427771
  0
VERTEX
  8
5
  6
CONTINUOUS
 62
8
 10
9.1732924794975
 20
4.65587760233
  0
SEQEND
  0
POLYLINE
  8
5
  6
CONTINUOUS
 62
8
 70
0
 66
1
  0
VERTEX
  8
5
  6
CONTINUOUS
 62
8
 10
9.0755424993135
 20
4.2179764796575
  0
VERTEX
  8
5
  6
CONTINUOUS
 62
8
 10
9.0759731159664
 20
4.1861522701611
  0
VERTEX
  8
5
  6
CONTINUOUS
 62
8
 10
9.0759731159664
 20
4.153479415078
  0
VERTEX
  8
5
  6
CONTINUOUS
 62
8
 10
9.0764037326191
 20
4.1203822372017
  0
VERTEX
  8
5
  6
CONTINUOUS
 62
8
 10
9.0764037326191
 20
4.0868607365319
  0
VERTEX
  8
5
  6
CONTINUOUS
 62
8
 10
9.0764037326191
 20
4.0529149130688
  0
VERTEX
  8
5
  6
CONTINUOUS
 62
8
 10
9.0768343492719
 20
4.0185447668127
  0
VERTEX
  8
5
  6
CONTINUOUS
 62
8
 10
9.0768343492719
 20
3.9837502977632
  0
VERTEX
  8
5
  6
CONTINUOUS
 62
8
 10
9.0768343492719
 20
3.9485315059202
  0
VERTEX
  8
5
  6
CONTINUOUS
 62
8
 10
9.0768343492719
 20
3.9133127140774
  0
VERTEX
  8
5
  6
CONTINUOUS
 62
8
 10
9.0772649659248
 20
3.8776695994414
  0
VERTEX
  8
5
  6
CONTINUOUS
 62
8
 10
9.0772649659248
 20
3.8416021620119
  0
VERTEX
  8
5
  6
CONTINUOUS
 62
8
 10
9.0776955825775
 20
3.8055347245826
  0
VERTEX
  8
5
  6
CONTINUOUS
 62
8
 10
9.0781261992304
 20
3.7690429643598
  0
VERTEX
  8
5
  6
CONTINUOUS
 62
8
 10
9.0785568158831
 20
3.7325512041371
  0
VERTEX
  8
5
  6
CONTINUOUS
 62
8
 10
9.0789874325359
 20
3.6960594439144
  0
VERTEX
  8
5
  6
CONTINUOUS
 62
8
 10
9.0794180491886
 20
3.6591433608984
  0
VERTEX
  8
5
  6
CONTINUOUS
 62
8
 10
9.0802792824942
 20
3.6222272778824
  0
VERTEX
  8
5
  6
CONTINUOUS
 62
8
 10
9.0811405157999
 20
3.5853111948664
  0
VERTEX
  8
5
  6
CONTINUOUS
 62
8
 10
9.0824323657582
 20
3.5483951118504
  0
VERTEX
  8
5
  6
CONTINUOUS
 62
8
 10
9.0837242157166
 20
3.5114790288344
  0
VERTEX
  8
5
  6
CONTINUOUS
 62
8
 10
9.0854466823277
 20
3.4749872686117
  0
VERTEX
  8
5
  6
CONTINUOUS
 62
8
 10
9.0867385322862
 20
3.4380711855957
  0
VERTEX
  8
5
  6
CONTINUOUS
 62
8
 10
9.0888916155502
 20
3.4015794253732
  0
VERTEX
  8
5
  6
CONTINUOUS
 62
8
 10
9.091044698814
 20
3.3650876651504
  0
VERTEX
  8
5
  6
CONTINUOUS
 62
8
 10
9.093197782078
 20
3.3285959049277
  0
VERTEX
  8
5
  6
CONTINUOUS
 62
8
 10
9.0962120986476
 20
3.2925284674982
  0
VERTEX
  8
5
  6
CONTINUOUS
 62
8
 10
9.0987957985644
 20
3.2568853528622
  0
VERTEX
  8
5
  6
CONTINUOUS
 62
8
 10
9.1022407317867
 20
3.2212422382261
  0
VERTEX
  8
5
  6
CONTINUOUS
 62
8
 10
9.1056856650091
 20
3.1860234463831
  0
VERTEX
  8
5
  6
CONTINUOUS
 62
8
 10
9.1095612148842
 20
3.1508046545403
  0
VERTEX
  8
5
  6
CONTINUOUS
 62
8
 10
9.113867381412
 20
3.116434508284
  0
VERTEX
  8
5
  6
CONTINUOUS
 62
8
 10
9.11817354794
 20
3.0820643620277
  0
VERTEX
  8
5
  6
CONTINUOUS
 62
8
 10
9.1250634143847
 20
3.0493915069446
  0
VERTEX
  8
5
  6
CONTINUOUS
 62
8
 10
9.1319532808294
 20
3.0230834937609
  0
VERTEX
  8
5
  6
CONTINUOUS
 62
8
 10
9.1392737639268
 20
3.0035646452696
  0
VERTEX
  8
5
  6
CONTINUOUS
 62
8
 10
9.1465942470243
 20
2.9895619930913
  0
VERTEX
  8
5
  6
CONTINUOUS
 62
8
 10
9.153484113469
 20
2.9810755372255
  0
VERTEX
  8
5
  6
CONTINUOUS
 62
8
 10
9.1603739799137
 20
2.9772566320859
  0
VERTEX
  8
5
  6
CONTINUOUS
 62
8
 10
9.1672638463584
 20
2.9776809548791
  0
VERTEX
  8
5
  6
CONTINUOUS
 62
8
 10
9.1732924794975
 20
2.981924182812
  0
VERTEX
  8
5
  6
CONTINUOUS
 62
8
 10
9.1793211126366
 20
2.989137670298
  0
VERTEX
  8
5
  6
CONTINUOUS
 62
8
 10
9.1849191291229
 20
2.9988970945435
  0
VERTEX
  8
5
  6
CONTINUOUS
 62
8
 10
9.1900865289564
 20
3.0107781327557
  0
VERTEX
  8
5
  6
CONTINUOUS
 62
8
 10
9.1943926954842
 20
3.0243564621408
  0
VERTEX
  8
5
  6
CONTINUOUS
 62
8
 10
9.1978376287067
 20
3.0387834371124
  0
VERTEX
  8
5
  6
CONTINUOUS
 62
8
 10
9.2008519452762
 20
3.054059057671
  0
VERTEX
  8
5
  6
CONTINUOUS
 62
8
 10
9.20300502854
 20
3.0693346782293
  0
VERTEX
  8
5
  6
CONTINUOUS
 62
8
 10
9.2038662618458
 20
3.0837616532009
  0
VERTEX
  8
5
  6
CONTINUOUS
 62
8
 10
9.207311195068
 20
3.1185561222505
  0
VERTEX
  8
5
  6
CONTINUOUS
 62
8
 10
9.2107561282905
 20
3.1537749140933
  0
VERTEX
  8
5
  6
CONTINUOUS
 62
8
 10
9.2137704448598
 20
3.1894180287295
  0
VERTEX
  8
5
  6
CONTINUOUS
 62
8
 10
9.2167847614294
 20
3.2254854661588
  0
VERTEX
  8
5
  6
CONTINUOUS
 62
8
 10
9.2193684613463
 20
3.2619772263815
  0
VERTEX
  8
5
  6
CONTINUOUS
 62
8
 10
9.2215215446103
 20
3.2988933093975
  0
VERTEX
  8
5
  6
CONTINUOUS
 62
8
 10
9.2236746278741
 20
3.3362337152068
  0
VERTEX
  8
5
  6
CONTINUOUS
 62
8
 10
9.2258277111381
 20
3.3735741210162
  0
VERTEX
  8
5
  6
CONTINUOUS
 62
8
 10
9.2275501777492
 20
3.4113388496187
  0
VERTEX
  8
5
  6
CONTINUOUS
 62
8
 10
9.2292726443605
 20
3.4486792554279
  0
VERTEX
  8
5
  6
CONTINUOUS
 62
8
 10
9.2305644943188
 20
3.4864439840306
  0
VERTEX
  8
5
  6
CONTINUOUS
 62
8
 10
9.2314257276245
 20
3.5242087126331
  0
VERTEX
  8
5
  6
CONTINUOUS
 62
8
 10
9.2327175775828
 20
3.5615491184423
  0
VERTEX
  8
5
  6
CONTINUOUS
 62
8
 10
9.2335788108883
 20
3.5988895242515
  0
VERTEX
  8
5
  6
CONTINUOUS
 62
8
 10
9.2340094275412
 20
3.636229930061
  0
VERTEX
  8
5
  6
CONTINUOUS
 62
8
 10
9.2344400441939
 20
3.673146013077
  0
VERTEX
  8
5
  6
CONTINUOUS
 62
8
 10
9.2344400441939
 20
3.7096377732995
  0
VERTEX
  8
5
  6
CONTINUOUS
 62
8
 10
9.2348706608468
 20
3.745705210729
  0
VERTEX
  8
5
  6
CONTINUOUS
 62
8
 10
9.2344400441939
 20
3.7817726481585
  0
VERTEX
  8
5
  6
CONTINUOUS
 62
8
 10
9.2344400441939
 20
3.8169914400013
  0
VERTEX
  8
5
  6
CONTINUOUS
 62
8
 10
9.2340094275412
 20
3.8513615862576
  0
VERTEX
  8
5
  6
CONTINUOUS
 62
8
 10
9.2335788108883
 20
3.8853074097204
  0
VERTEX
  8
5
  6
CONTINUOUS
 62
8
 10
9.2327175775828
 20
3.9188289103902
  0
VERTEX
  8
5
  6
CONTINUOUS
 62
8
 10
9.2318563442772
 20
3.9515017654733
  0
VERTEX
  8
5
  6
CONTINUOUS
 62
8
 10
9.2309951109716
 20
3.9829016521765
  0
VERTEX
  8
5
  6
CONTINUOUS
 62
8
 10
9.2297032610132
 20
4.0138772160864
  0
VERTEX
  8
5
  6
CONTINUOUS
 62
8
 10
9.228411411055
 20
4.0440041344098
  0
VERTEX
  8
5
  6
CONTINUOUS
 62
8
 10
9.2271195610965
 20
4.0728580843535
  0
VERTEX
  8
5
  6
CONTINUOUS
 62
8
 10
9.2258277111381
 20
4.100439065917
  0
VERTEX
  8
5
  6
CONTINUOUS
 62
8
 10
9.224105244527
 20
4.1271714018942
  0
VERTEX
  8
5
  6
CONTINUOUS
 62
8
 10
9.2223827779158
 20
4.1530550922848
  0
VERTEX
  8
5
  6
CONTINUOUS
 62
8
 10
9.2206603113045
 20
4.1772414915021
  0
SEQEND
  0
POLYLINE
  8
5
  6
CONTINUOUS
 62
8
 70
0
 66
1
  0
VERTEX
  8
5
  6
CONTINUOUS
 62
8
 10
10.003521386081
 20
2.0726004367977
  0
VERTEX
  8
5
  6
CONTINUOUS
 62
8
 10
10.003090769429
 20
2.062841012552
  0
VERTEX
  8
5
  6
CONTINUOUS
 62
8
 10
10.00179891947
 20
2.0535059110997
  0
VERTEX
  8
5
  6
CONTINUOUS
 62
8
 10
9.9992152195533
 20
2.0441708096473
  0
VERTEX
  8
5
  6
CONTINUOUS
 62
8
 10
9.9962009029837
 20
2.0356843537817
  0
VERTEX
  8
5
  6
CONTINUOUS
 62
8
 10
9.9918947364559
 20
2.0271978979159
  0
VERTEX
  8
5
  6
CONTINUOUS
 62
8
 10
9.9871579532752
 20
2.0195600876367
  0
VERTEX
  8
5
  6
CONTINUOUS
 62
8
 10
9.9819905534416
 20
2.0119222773576
  0
VERTEX
  8
5
  6
CONTINUOUS
 62
8
 10
9.9755313036498
 20
2.0055574354583
  0
VERTEX
  8
5
  6
CONTINUOUS
 62
8
 10
9.9690720538578
 20
1.999192593559
  0
VERTEX
  8
5
  6
CONTINUOUS
 62
8
 10
9.9617515707605
 20
1.9936763972461
  0
VERTEX
  8
5
  6
CONTINUOUS
 62
8
 10
9.9535698543574
 20
1.98900884652
  0
VERTEX
  8
5
  6
CONTINUOUS
 62
8
 10
9.9453881379542
 20
1.9851899413804
  0
VERTEX
  8
5
  6
CONTINUOUS
 62
8
 10
9.9367758048984
 20
1.9817953590342
  0
VERTEX
  8
5
  6
CONTINUOUS
 62
8
 10
9.9277328551898
 20
1.9796737450677
  0
VERTEX
  8
5
  6
CONTINUOUS
 62
8
 10
9.9182592888284
 20
1.9779764538946
  0
VERTEX
  8
5
  6
CONTINUOUS
 62
8
 10
9.9083551058141
 20
1.9775521311013
  0
VERTEX
  8
5
  6
CONTINUOUS
 62
8
 10
9.8988815394528
 20
1.9779764538946
  0
VERTEX
  8
5
  6
CONTINUOUS
 62
8
 10
9.8894079730912
 20
1.9796737450677
  0
VERTEX
  8
5
  6
CONTINUOUS
 62
8
 10
9.8803650233825
 20
1.9817953590342
  0
VERTEX
  8
5
  6
CONTINUOUS
 62
8
 10
9.8717526903267
 20
1.9851899413804
  0
VERTEX
  8
5
  6
CONTINUOUS
 62
8
 10
9.8631403572709
 20
1.98900884652
  0
VERTEX
  8
5
  6
CONTINUOUS
 62
8
 10
9.8553892575207
 20
1.9936763972461
  0
VERTEX
  8
5
  6
CONTINUOUS
 62
8
 10
9.8480687744231
 20
1.999192593559
  0
VERTEX
  8
5
  6
CONTINUOUS
 62
8
 10
9.8416095246313
 20
2.0055574354583
  0
VERTEX
  8
5
  6
CONTINUOUS
 62
8
 10
9.8351502748395
 20
2.0119222773576
  0
VERTEX
  8
5
  6
CONTINUOUS
 62
8
 10
9.829982875006
 20
2.0195600876367
  0
VERTEX
  8
5
  6
CONTINUOUS
 62
8
 10
9.8252460918253
 20
2.0271978979159
  0
VERTEX
  8
5
  6
CONTINUOUS
 62
8
 10
9.8209399252973
 20
2.0356843537817
  0
VERTEX
  8
5
  6
CONTINUOUS
 62
8
 10
9.8179256087277
 20
2.0441708096473
  0
VERTEX
  8
5
  6
CONTINUOUS
 62
8
 10
9.815341908811
 20
2.0535059110997
  0
VERTEX
  8
5
  6
CONTINUOUS
 62
8
 10
9.8140500588526
 20
2.062841012552
  0
VERTEX
  8
5
  6
CONTINUOUS
 62
8
 10
9.8136194421997
 20
2.0726004367977
  0
VERTEX
  8
5
  6
CONTINUOUS
 62
8
 10
9.8140500588526
 20
2.0823598610432
  0
VERTEX
  8
5
  6
CONTINUOUS
 62
8
 10
9.815341908811
 20
2.0916949624955
  0
VERTEX
  8
5
  6
CONTINUOUS
 62
8
 10
9.8179256087277
 20
2.1010300639479
  0
VERTEX
  8
5
  6
CONTINUOUS
 62
8
 10
9.8209399252973
 20
2.1095165198137
  0
VERTEX
  8
5
  6
CONTINUOUS
 62
8
 10
9.8252460918253
 20
2.1180029756794
  0
VERTEX
  8
5
  6
CONTINUOUS
 62
8
 10
9.829982875006
 20
2.1256407859585
  0
VERTEX
  8
5
  6
CONTINUOUS
 62
8
 10
9.8351502748395
 20
2.1332785962378
  0
VERTEX
  8
5
  6
CONTINUOUS
 62
8
 10
9.8416095246313
 20
2.1400677609303
  0
VERTEX
  8
5
  6
CONTINUOUS
 62
8
 10
9.8480687744231
 20
2.1460082800362
  0
VERTEX
  8
5
  6
CONTINUOUS
 62
8
 10
9.8553892575207
 20
2.151524476349
  0
VERTEX
  8
5
  6
CONTINUOUS
 62
8
 10
9.8631403572709
 20
2.1561920270752
  0
VERTEX
  8
5
  6
CONTINUOUS
 62
8
 10
9.8717526903267
 20
2.1600109322148
  0
VERTEX
  8
5
  6
CONTINUOUS
 62
8
 10
9.8803650233825
 20
2.163405514561
  0
VERTEX
  8
5
  6
CONTINUOUS
 62
8
 10
9.8894079730912
 20
2.1655271285274
  0
VERTEX
  8
5
  6
CONTINUOUS
 62
8
 10
9.8988815394528
 20
2.1672244197006
  0
VERTEX
  8
5
  6
CONTINUOUS
 62
8
 10
9.9083551058141
 20
2.1676487424939
  0
VERTEX
  8
5
  6
CONTINUOUS
 62
8
 10
9.9182592888284
 20
2.1672244197006
  0
VERTEX
  8
5
  6
CONTINUOUS
 62
8
 10
9.9277328551898
 20
2.1655271285274
  0
VERTEX
  8
5
  6
CONTINUOUS
 62
8
 10
9.9367758048984
 20
2.163405514561
  0
VERTEX
  8
5
  6
CONTINUOUS
 62
8
 10
9.9453881379542
 20
2.1600109322148
  0
VERTEX
  8
5
  6
CONTINUOUS
 62
8
 10
9.9535698543574
 20
2.1561920270752
  0
VERTEX
  8
5
  6
CONTINUOUS
 62
8
 10
9.9617515707605
 20
2.151524476349
  0
VERTEX
  8
5
  6
CONTINUOUS
 62
8
 10
9.9690720538578
 20
2.1460082800362
  0
VERTEX
  8
5
  6
CONTINUOUS
 62
8
 10
9.9755313036498
 20
2.1400677609303
  0
VERTEX
  8
5
  6
CONTINUOUS
 62
8
 10
9.9819905534416
 20
2.1332785962378
  0
VERTEX
  8
5
  6
CONTINUOUS
 62
8
 10
9.9871579532752
 20
2.1256407859585
  0
VERTEX
  8
5
  6
CONTINUOUS
 62
8
 10
9.9918947364559
 20
2.1180029756794
  0
VERTEX
  8
5
  6
CONTINUOUS
 62
8
 10
9.9962009029837
 20
2.1095165198137
  0
VERTEX
  8
5
  6
CONTINUOUS
 62
8
 10
9.9992152195533
 20
2.1010300639479
  0
VERTEX
  8
5
  6
CONTINUOUS
 62
8
 10
10.00179891947
 20
2.0916949624955
  0
VERTEX
  8
5
  6
CONTINUOUS
 62
8
 10
10.003090769429
 20
2.0823598610432
  0
VERTEX
  8
5
  6
CONTINUOUS
 62
8
 10
10.003521386081
 20
2.0726004367977
  0
SEQEND
  0
POLYLINE
  8
5
  6
CONTINUOUS
 62
8
 70
0
 66
1
  0
VERTEX
  8
5
  6
CONTINUOUS
 62
8
 10
9.4097010218805
 20
1.8863227305445
  0
VERTEX
  8
5
  6
CONTINUOUS
 62
8
 10
9.4277869212977
 20
1.888444344511
  0
VERTEX
  8
5
  6
CONTINUOUS
 62
8
 10
9.4471646706735
 20
1.8918389268573
  0
VERTEX
  8
5
  6
CONTINUOUS
 62
8
 10
9.4682648866602
 20
1.8956578319968
  0
VERTEX
  8
5
  6
CONTINUOUS
 62
8
 10
9.4902263359527
 20
1.8999010599297
  0
VERTEX
  8
5
  6
CONTINUOUS
 62
8
 10
9.5139102518563
 20
1.9049929334492
  0
VERTEX
  8
5
  6
CONTINUOUS
 62
8
 10
9.5380247844126
 20
1.9105091297619
  0
VERTEX
  8
5
  6
CONTINUOUS
 62
8
 10
9.5630005502746
 20
1.9164496488679
  0
VERTEX
  8
5
  6
CONTINUOUS
 62
8
 10
9.5884069327894
 20
1.9223901679739
  0
VERTEX
  8
5
  6
CONTINUOUS
 62
8
 10
9.6146745486097
 20
1.9287550098733
  0
VERTEX
  8
5
  6
CONTINUOUS
 62
8
 10
9.6405115477773
 20
1.9355441745658
  0
VERTEX
  8
5
  6
CONTINUOUS
 62
8
 10
9.6667791635976
 20
1.9419090164651
  0
VERTEX
  8
5
  6
CONTINUOUS
 62
8
 10
9.6926161627652
 20
1.9486981811577
  0
VERTEX
  8
5
  6
CONTINUOUS
 62
8
 10
9.7180225452799
 20
1.9554873458503
  0
VERTEX
  8
5
  6
CONTINUOUS
 62
8
 10
9.7429983111418
 20
1.9618521877497
  0
VERTEX
  8
5
  6
CONTINUOUS
 62
8
 10
9.7675434603509
 20
1.968217029649
  0
VERTEX
  8
5
  6
CONTINUOUS
 62
8
 10
9.7907967596019
 20
1.9741575487549
  0
VERTEX
  8
5
  6
CONTINUOUS
 62
8
 10
9.8286910250475
 20
1.9580332826101
  0
VERTEX
  8
5
  6
CONTINUOUS
 62
8
 10
9.8032846425328
 20
1.9503954723309
  0
VERTEX
  8
5
  6
CONTINUOUS
 62
8
 10
9.7774476433652
 20
1.9427576620517
  0
VERTEX
  8
5
  6
CONTINUOUS
 62
8
 10
9.7511800275449
 20
1.9351198517726
  0
VERTEX
  8
5
  6
CONTINUOUS
 62
8
 10
9.7244817950717
 20
1.9274820414934
  0
VERTEX
  8
5
  6
CONTINUOUS
 62
8
 10
9.6977835625985
 20
1.9194199084209
  0
VERTEX
  8
5
  6
CONTINUOUS
 62
8
 10
9.6706547134727
 20
1.9117820981418
  0
VERTEX
  8
5
  6
CONTINUOUS
 62
8
 10
9.6435258643468
 20
1.9041442878626
  0
VERTEX
  8
5
  6
CONTINUOUS
 62
8
 10
9.6163970152208
 20
1.8969308003767
  0
VERTEX
  8
5
  6
CONTINUOUS
 62
8
 10
9.5888375494421
 20
1.8897173128908
  0
VERTEX
  8
5
  6
CONTINUOUS
 62
8
 10
9.5617087003162
 20
1.8825038254049
  0
VERTEX
  8
5
  6
CONTINUOUS
 62
8
 10
9.535010467843
 20
1.8761389835056
  0
VERTEX
  8
5
  6
CONTINUOUS
 62
8
 10
9.5078816187172
 20
1.8697741416063
  0
VERTEX
  8
5
  6
CONTINUOUS
 62
8
 10
9.4816140028969
 20
1.8638336225003
  0
VERTEX
  8
5
  6
CONTINUOUS
 62
8
 10
9.4553463870764
 20
1.8587417489809
  0
VERTEX
  8
5
  6
CONTINUOUS
 62
8
 10
9.429509387909
 20
1.8540741982547
  0
VERTEX
  8
5
  6
CONTINUOUS
 62
8
 10
9.4041030053943
 20
1.8498309703218
  0
VERTEX
  8
5
  6
CONTINUOUS
 62
8
 10
9.4097010218805
 20
1.8863227305445
  0
SEQEND
  0
POLYLINE
  8
5
  6
CONTINUOUS
 62
8
 70
0
 66
1
  0
VERTEX
  8
5
  6
CONTINUOUS
 62
8
 10
9.8502218576871
 20
1.9677927068557
  0
VERTEX
  8
5
  6
CONTINUOUS
 62
8
 10
9.9208429887451
 20
2.0649626265184
  0
VERTEX
  8
5
  6
CONTINUOUS
 62
8
 10
9.9255797719258
 20
2.0742977279707
  0
VERTEX
  8
5
  6
CONTINUOUS
 62
8
 10
9.9277328551898
 20
2.0815112154567
  0
VERTEX
  8
5
  6
CONTINUOUS
 62
8
 10
9.9273022385371
 20
2.0866030889761
  0
VERTEX
  8
5
  6
CONTINUOUS
 62
8
 10
9.9251491552731
 20
2.0899976713225
  0
VERTEX
  8
5
  6
CONTINUOUS
 62
8
 10
9.9212736053979
 20
2.0916949624955
  0
VERTEX
  8
5
  6
CONTINUOUS
 62
8
 10
9.9169674388699
 20
2.0921192852889
  0
VERTEX
  8
5
  6
CONTINUOUS
 62
8
 10
9.9122306556893
 20
2.090846316909
  0
VERTEX
  8
5
  6
CONTINUOUS
 62
8
 10
9.9074938725086
 20
2.0883003801493
  0
VERTEX
  8
5
  6
CONTINUOUS
 62
8
 10
9.825676708478
 20
2.0093763405977
  0
VERTEX
  8
5
  6
CONTINUOUS
 62
8
 10
9.8502218576871
 20
1.9677927068557
  0
SEQEND
  0
POLYLINE
  8
5
  6
CONTINUOUS
 62
8
 70
0
 66
1
  0
VERTEX
  8
5
  6
CONTINUOUS
 62
8
 10
9.8459156911593
 20
1.9796737450677
  0
VERTEX
  8
5
  6
CONTINUOUS
 62
8
 10
9.8454850745064
 20
1.9737332259617
  0
VERTEX
  8
5
  6
CONTINUOUS
 62
8
 10
9.8437626078953
 20
1.9686413524422
  0
VERTEX
  8
5
  6
CONTINUOUS
 62
8
 10
9.8407482913258
 20
1.9635494789228
  0
VERTEX
  8
5
  6
CONTINUOUS
 62
8
 10
9.8373033581033
 20
1.9593062509899
  0
VERTEX
  8
5
  6
CONTINUOUS
 62
8
 10
9.8329971915755
 20
1.9559116686436
  0
VERTEX
  8
5
  6
CONTINUOUS
 62
8
 10
9.827829791742
 20
1.9533657318839
  0
VERTEX
  8
5
  6
CONTINUOUS
 62
8
 10
9.8226623919084
 20
1.9516684407108
  0
VERTEX
  8
5
  6
CONTINUOUS
 62
8
 10
9.8166337587693
 20
1.9512441179175
  0
VERTEX
  8
5
  6
CONTINUOUS
 62
8
 10
9.8106051256303
 20
1.9516684407108
  0
VERTEX
  8
5
  6
CONTINUOUS
 62
8
 10
9.8050071091439
 20
1.9533657318839
  0
VERTEX
  8
5
  6
CONTINUOUS
 62
8
 10
9.8002703259632
 20
1.9559116686436
  0
VERTEX
  8
5
  6
CONTINUOUS
 62
8
 10
9.7959641594352
 20
1.9593062509899
  0
VERTEX
  8
5
  6
CONTINUOUS
 62
8
 10
9.7920886095601
 20
1.9635494789228
  0
VERTEX
  8
5
  6
CONTINUOUS
 62
8
 10
9.7895049096434
 20
1.9686413524422
  0
VERTEX
  8
5
  6
CONTINUOUS
 62
8
 10
9.7877824430323
 20
1.9737332259617
  0
VERTEX
  8
5
  6
CONTINUOUS
 62
8
 10
9.7873518263794
 20
1.9796737450677
  0
VERTEX
  8
5
  6
CONTINUOUS
 62
8
 10
9.7877824430323
 20
1.9851899413804
  0
VERTEX
  8
5
  6
CONTINUOUS
 62
8
 10
9.7895049096434
 20
1.9907061376932
  0
VERTEX
  8
5
  6
CONTINUOUS
 62
8
 10
9.7920886095601
 20
1.9953736884193
  0
VERTEX
  8
5
  6
CONTINUOUS
 62
8
 10
9.7959641594352
 20
1.9996169163522
  0
VERTEX
  8
5
  6
CONTINUOUS
 62
8
 10
9.8002703259632
 20
2.0030114986986
  0
VERTEX
  8
5
  6
CONTINUOUS
 62
8
 10
9.8050071091439
 20
2.0055574354583
  0
VERTEX
  8
5
  6
CONTINUOUS
 62
8
 10
9.8106051256303
 20
2.0072547266315
  0
VERTEX
  8
5
  6
CONTINUOUS
 62
8
 10
9.8166337587693
 20
2.0076790494247
  0
VERTEX
  8
5
  6
CONTINUOUS
 62
8
 10
9.8226623919084
 20
2.0072547266315
  0
VERTEX
  8
5
  6
CONTINUOUS
 62
8
 10
9.827829791742
 20
2.0055574354583
  0
VERTEX
  8
5
  6
CONTINUOUS
 62
8
 10
9.8329971915755
 20
2.0030114986986
  0
VERTEX
  8
5
  6
CONTINUOUS
 62
8
 10
9.8373033581033
 20
1.9996169163522
  0
VERTEX
  8
5
  6
CONTINUOUS
 62
8
 10
9.8407482913258
 20
1.9953736884193
  0
VERTEX
  8
5
  6
CONTINUOUS
 62
8
 10
9.8437626078953
 20
1.9907061376932
  0
VERTEX
  8
5
  6
CONTINUOUS
 62
8
 10
9.8454850745064
 20
1.9851899413804
  0
VERTEX
  8
5
  6
CONTINUOUS
 62
8
 10
9.8459156911593
 20
1.9796737450677
  0
SEQEND
  0
POLYLINE
  8
5
  6
CONTINUOUS
 62
8
 70
0
 66
1
  0
VERTEX
  8
5
  6
CONTINUOUS
 62
8
 10
9.4282175379506
 20
1.9643981245094
  0
VERTEX
  8
5
  6
CONTINUOUS
 62
8
 10
9.4333849377841
 20
1.9974953023858
  0
VERTEX
  8
5
  6
CONTINUOUS
 62
8
 10
9.4889344859943
 20
1.8999010599297
  0
VERTEX
  8
5
  6
CONTINUOUS
 62
8
 10
9.4630974868267
 20
1.8948091864103
  0
VERTEX
  8
5
  6
CONTINUOUS
 62
8
 10
9.4282175379506
 20
1.9643981245094
  0
SEQEND
  0
POLYLINE
  8
5
  6
CONTINUOUS
 62
8
 70
0
 66
1
  0
VERTEX
  8
5
  6
CONTINUOUS
 62
8
 10
9.4661118033962
 20
1.8566201350144
  0
VERTEX
  8
5
  6
CONTINUOUS
 62
8
 10
9.5027142188836
 20
1.8646822680869
  0
VERTEX
  8
5
  6
CONTINUOUS
 62
8
 10
9.4945325024805
 20
1.9096604841753
  0
VERTEX
  8
5
  6
CONTINUOUS
 62
8
 10
9.4596525536044
 20
1.9007497055163
  0
VERTEX
  8
5
  6
CONTINUOUS
 62
8
 10
9.4661118033962
 20
1.8566201350144
  0
SEQEND
  0
POLYLINE
  8
5
  6
CONTINUOUS
 62
8
 70
0
 66
1
  0
VERTEX
  8
5
  6
CONTINUOUS
 62
8
 10
10.000076452859
 20
3.9175559420103
  0
VERTEX
  8
5
  6
CONTINUOUS
 62
8
 10
9.9996458362061
 20
3.9277396890492
  0
VERTEX
  8
5
  6
CONTINUOUS
 62
8
 10
9.997923369595
 20
3.9374991132947
  0
VERTEX
  8
5
  6
CONTINUOUS
 62
8
 10
9.995770286331
 20
3.9472585375404
  0
VERTEX
  8
5
  6
CONTINUOUS
 62
8
 10
9.9923253531086
 20
3.9561693161995
  0
VERTEX
  8
5
  6
CONTINUOUS
 62
8
 10
9.9880191865808
 20
3.9650800948585
  0
VERTEX
  8
5
  6
CONTINUOUS
 62
8
 10
9.9832824034001
 20
3.973142227931
  0
VERTEX
  8
5
  6
CONTINUOUS
 62
8
 10
9.9776843869137
 20
3.9812043610033
  0
VERTEX
  8
5
  6
CONTINUOUS
 62
8
 10
9.9712251371218
 20
3.9879935256961
  0
VERTEX
  8
5
  6
CONTINUOUS
 62
8
 10
9.9643352706772
 20
3.9947826903886
  0
VERTEX
  8
5
  6
CONTINUOUS
 62
8
 10
9.9570147875796
 20
4.0002988867013
  0
VERTEX
  8
5
  6
CONTINUOUS
 62
8
 10
9.9488330711767
 20
4.0053907602208
  0
VERTEX
  8
5
  6
CONTINUOUS
 62
8
 10
9.9402207381209
 20
4.0096339881537
  0
VERTEX
  8
5
  6
CONTINUOUS
 62
8
 10
9.9311777884122
 20
4.0130285704999
  0
VERTEX
  8
5
  6
CONTINUOUS
 62
8
 10
9.9217042220506
 20
4.0155745072596
  0
VERTEX
  8
5
  6
CONTINUOUS
 62
8
 10
9.9118000390364
 20
4.0172717984328
  0
VERTEX
  8
5
  6
CONTINUOUS
 62
8
 10
9.9018958560223
 20
4.017696121226
  0
VERTEX
  8
5
  6
CONTINUOUS
 62
8
 10
9.8919916730081
 20
4.0172717984328
  0
VERTEX
  8
5
  6
CONTINUOUS
 62
8
 10
9.8820874899938
 20
4.0155745072596
  0
VERTEX
  8
5
  6
CONTINUOUS
 62
8
 10
9.8726139236323
 20
4.0130285704999
  0
VERTEX
  8
5
  6
CONTINUOUS
 62
8
 10
9.8635709739238
 20
4.0096339881537
  0
VERTEX
  8
5
  6
CONTINUOUS
 62
8
 10
9.8549586408678
 20
4.0053907602208
  0
VERTEX
  8
5
  6
CONTINUOUS
 62
8
 10
9.8467769244649
 20
4.0002988867013
  0
VERTEX
  8
5
  6
CONTINUOUS
 62
8
 10
9.8394564413673
 20
3.9947826903886
  0
VERTEX
  8
5
  6
CONTINUOUS
 62
8
 10
9.8321359582699
 20
3.9879935256961
  0
VERTEX
  8
5
  6
CONTINUOUS
 62
8
 10
9.825676708478
 20
3.9812043610033
  0
VERTEX
  8
5
  6
CONTINUOUS
 62
8
 10
9.8200786919917
 20
3.973142227931
  0
VERTEX
  8
5
  6
CONTINUOUS
 62
8
 10
9.815341908811
 20
3.9650800948585
  0
VERTEX
  8
5
  6
CONTINUOUS
 62
8
 10
9.811035742283
 20
3.9561693161995
  0
VERTEX
  8
5
  6
CONTINUOUS
 62
8
 10
9.8075908090608
 20
3.9472585375404
  0
VERTEX
  8
5
  6
CONTINUOUS
 62
8
 10
9.8054377257968
 20
3.9374991132947
  0
VERTEX
  8
5
  6
CONTINUOUS
 62
8
 10
9.8037152591857
 20
3.9277396890492
  0
VERTEX
  8
5
  6
CONTINUOUS
 62
8
 10
9.8032846425328
 20
3.9175559420103
  0
VERTEX
  8
5
  6
CONTINUOUS
 62
8
 10
9.8037152591857
 20
3.9073721949713
  0
VERTEX
  8
5
  6
CONTINUOUS
 62
8
 10
9.8054377257968
 20
3.8976127707258
  0
VERTEX
  8
5
  6
CONTINUOUS
 62
8
 10
9.8075908090608
 20
3.8878533464801
  0
VERTEX
  8
5
  6
CONTINUOUS
 62
8
 10
9.811035742283
 20
3.8785182450279
  0
VERTEX
  8
5
  6
CONTINUOUS
 62
8
 10
9.815341908811
 20
3.8700317891621
  0
VERTEX
  8
5
  6
CONTINUOUS
 62
8
 10
9.8200786919917
 20
3.8615453332963
  0
VERTEX
  8
5
  6
CONTINUOUS
 62
8
 10
9.825676708478
 20
3.8539075230173
  0
VERTEX
  8
5
  6
CONTINUOUS
 62
8
 10
9.8321359582699
 20
3.8466940355312
  0
VERTEX
  8
5
  6
CONTINUOUS
 62
8
 10
9.8394564413673
 20
3.8403291936321
  0
VERTEX
  8
5
  6
CONTINUOUS
 62
8
 10
9.8467769244649
 20
3.834388674526
  0
VERTEX
  8
5
  6
CONTINUOUS
 62
8
 10
9.8549586408678
 20
3.8297211237999
  0
VERTEX
  8
5
  6
CONTINUOUS
 62
8
 10
9.8635709739238
 20
3.825477895867
  0
VERTEX
  8
5
  6
CONTINUOUS
 62
8
 10
9.8726139236323
 20
3.8220833135207
  0
VERTEX
  8
5
  6
CONTINUOUS
 62
8
 10
9.8820874899938
 20
3.819537376761
  0
VERTEX
  8
5
  6
CONTINUOUS
 62
8
 10
9.8919916730081
 20
3.8178400855878
  0
VERTEX
  8
5
  6
CONTINUOUS
 62
8
 10
9.9018958560223
 20
3.8174157627945
  0
VERTEX
  8
5
  6
CONTINUOUS
 62
8
 10
9.9118000390364
 20
3.8178400855878
  0
VERTEX
  8
5
  6
CONTINUOUS
 62
8
 10
9.9217042220506
 20
3.819537376761
  0
VERTEX
  8
5
  6
CONTINUOUS
 62
8
 10
9.9311777884122
 20
3.8220833135207
  0
VERTEX
  8
5
  6
CONTINUOUS
 62
8
 10
9.9402207381209
 20
3.825477895867
  0
VERTEX
  8
5
  6
CONTINUOUS
 62
8
 10
9.9488330711767
 20
3.8297211237999
  0
VERTEX
  8
5
  6
CONTINUOUS
 62
8
 10
9.9570147875796
 20
3.834388674526
  0
VERTEX
  8
5
  6
CONTINUOUS
 62
8
 10
9.9643352706772
 20
3.8403291936321
  0
VERTEX
  8
5
  6
CONTINUOUS
 62
8
 10
9.9712251371218
 20
3.8466940355312
  0
VERTEX
  8
5
  6
CONTINUOUS
 62
8
 10
9.9776843869137
 20
3.8539075230173
  0
VERTEX
  8
5
  6
CONTINUOUS
 62
8
 10
9.9832824034001
 20
3.8615453332963
  0
VERTEX
  8
5
  6
CONTINUOUS
 62
8
 10
9.9880191865808
 20
3.8700317891621
  0
VERTEX
  8
5
  6
CONTINUOUS
 62
8
 10
9.9923253531086
 20
3.8785182450279
  0
VERTEX
  8
5
  6
CONTINUOUS
 62
8
 10
9.995770286331
 20
3.8878533464801
  0
VERTEX
  8
5
  6
CONTINUOUS
 62
8
 10
9.997923369595
 20
3.8976127707258
  0
VERTEX
  8
5
  6
CONTINUOUS
 62
8
 10
9.9996458362061
 20
3.9073721949713
  0
VERTEX
  8
5
  6
CONTINUOUS
 62
8
 10
10.000076452859
 20
3.9175559420103
  0
SEQEND
  0
POLYLINE
  8
5
  6
CONTINUOUS
 62
8
 70
0
 66
1
  0
VERTEX
  8
5
  6
CONTINUOUS
 62
8
 10
8.7788476255395
 20
3.8029887878227
  0
VERTEX
  8
5
  6
CONTINUOUS
 62
8
 10
8.7805700921508
 20
3.8144455032416
  0
VERTEX
  8
5
  6
CONTINUOUS
 62
8
 10
8.781861942109
 20
3.8259022186603
  0
VERTEX
  8
5
  6
CONTINUOUS
 62
8
 10
8.7835844087203
 20
3.8377832568722
  0
VERTEX
  8
5
  6
CONTINUOUS
 62
8
 10
8.7848762586786
 20
3.8492399722911
  0
VERTEX
  8
5
  6
CONTINUOUS
 62
8
 10
8.786168108637
 20
3.8606966877098
  0
VERTEX
  8
5
  6
CONTINUOUS
 62
8
 10
8.7874599585955
 20
3.8725777259218
  0
VERTEX
  8
5
  6
CONTINUOUS
 62
8
 10
8.7887518085537
 20
3.8840344413407
  0
VERTEX
  8
5
  6
CONTINUOUS
 62
8
 10
8.790474275165
 20
3.8959154795526
  0
VERTEX
  8
5
  6
CONTINUOUS
 62
8
 10
8.7917661251233
 20
3.9073721949713
  0
VERTEX
  8
5
  6
CONTINUOUS
 62
8
 10
8.7930579750817
 20
3.9188289103902
  0
VERTEX
  8
5
  6
CONTINUOUS
 62
8
 10
8.7943498250402
 20
3.9307099486022
  0
VERTEX
  8
5
  6
CONTINUOUS
 62
8
 10
8.7956416749984
 20
3.9421666640211
  0
VERTEX
  8
5
  6
CONTINUOUS
 62
8
 10
8.7969335249568
 20
3.954047702233
  0
VERTEX
  8
5
  6
CONTINUOUS
 62
8
 10
8.7982253749153
 20
3.965928740445
  0
VERTEX
  8
5
  6
CONTINUOUS
 62
8
 10
8.7995172248735
 20
3.9773854558639
  0
VERTEX
  8
5
  6
CONTINUOUS
 62
8
 10
8.800809074832
 20
3.9892664940758
  0
VERTEX
  8
5
  6
CONTINUOUS
 62
8
 10
8.8021009247904
 20
4.0007232094945
  0
VERTEX
  8
5
  6
CONTINUOUS
 62
8
 10
8.8033927747486
 20
4.0126042477067
  0
VERTEX
  8
5
  6
CONTINUOUS
 62
8
 10
8.8046846247071
 20
4.0244852859186
  0
VERTEX
  8
5
  6
CONTINUOUS
 62
8
 10
8.8064070913182
 20
4.0359420013375
  0
VERTEX
  8
5
  6
CONTINUOUS
 62
8
 10
8.8076989412766
 20
4.0478230395494
  0
VERTEX
  8
5
  6
CONTINUOUS
 62
8
 10
8.8094214078878
 20
4.0597040777616
  0
VERTEX
  8
5
  6
CONTINUOUS
 62
8
 10
8.8107132578462
 20
4.0711607931803
  0
VERTEX
  8
5
  6
CONTINUOUS
 62
8
 10
8.8124357244573
 20
4.0830418313922
  0
VERTEX
  8
5
  6
CONTINUOUS
 62
8
 10
8.8141581910684
 20
4.0949228696044
  0
VERTEX
  8
5
  6
CONTINUOUS
 62
8
 10
8.8158806576798
 20
4.1068039078163
  0
VERTEX
  8
5
  6
CONTINUOUS
 62
8
 10
8.8176031242909
 20
4.1182606232352
  0
VERTEX
  8
5
  6
CONTINUOUS
 62
8
 10
8.819325590902
 20
4.1301416614472
  0
VERTEX
  8
5
  6
CONTINUOUS
 62
8
 10
8.821478674166
 20
4.1420226996593
  0
VERTEX
  8
5
  6
CONTINUOUS
 62
8
 10
8.8232011407771
 20
4.1539037378713
  0
VERTEX
  8
5
  6
CONTINUOUS
 62
8
 10
8.8253542240411
 20
4.16536045329
  0
VERTEX
  8
5
  6
CONTINUOUS
 62
8
 10
8.8275073073051
 20
4.1772414915021
  0
VERTEX
  8
5
  6
CONTINUOUS
 62
8
 10
9.0647770829937
 20
4.1780901370886
  0
VERTEX
  8
5
  6
CONTINUOUS
 62
8
 10
9.0660689329521
 20
3.6400488352004
  0
VERTEX
  8
5
  6
CONTINUOUS
 62
8
 10
8.7788476255395
 20
3.8029887878227
  0
SEQEND
  0
POLYLINE
  8
5
  6
CONTINUOUS
 62
8
 70
0
 66
1
  0
VERTEX
  8
5
  6
CONTINUOUS
 62
8
 10
8.8576504730005
 20
3.8161427944146
  0
VERTEX
  8
5
  6
CONTINUOUS
 62
8
 10
8.8615260228757
 20
3.9298613030157
  0
VERTEX
  8
5
  6
CONTINUOUS
 62
8
 10
8.968749569421
 20
3.9302856258089
  0
VERTEX
  8
5
  6
CONTINUOUS
 62
8
 10
9.0010458183804
 20
3.7300052673774
  0
VERTEX
  8
5
  6
CONTINUOUS
 62
8
 10
8.8576504730005
 20
3.8161427944146
  0
SEQEND
  0
POLYLINE
  8
5
  6
CONTINUOUS
 62
8
 70
0
 66
1
  0
VERTEX
  8
5
  6
CONTINUOUS
 62
8
 10
9.1293695809125
 20
2.3870236266233
  0
VERTEX
  8
5
  6
CONTINUOUS
 62
8
 10
9.1267858809958
 20
2.3798101391375
  0
VERTEX
  8
5
  6
CONTINUOUS
 62
8
 10
9.1229103311207
 20
2.3679291009256
  0
VERTEX
  8
5
  6
CONTINUOUS
 62
8
 10
9.1177429312872
 20
2.3530778031605
  0
VERTEX
  8
5
  6
CONTINUOUS
 62
8
 10
9.111714298148
 20
2.3352562458425
  0
VERTEX
  8
5
  6
CONTINUOUS
 62
8
 10
9.1052550483562
 20
2.3153130745578
  0
VERTEX
  8
5
  6
CONTINUOUS
 62
8
 10
9.0987957985644
 20
2.2932482893069
  0
VERTEX
  8
5
  6
CONTINUOUS
 62
8
 10
9.0923365487724
 20
2.2707591812628
  0
VERTEX
  8
5
  6
CONTINUOUS
 62
8
 10
9.0871691489389
 20
2.2474214276319
  0
VERTEX
  8
5
  6
CONTINUOUS
 62
8
 10
9.0824323657582
 20
2.2240836740011
  0
VERTEX
  8
5
  6
CONTINUOUS
 62
8
 10
9.0798486658415
 20
2.2015945659569
  0
VERTEX
  8
5
  6
CONTINUOUS
 62
8
 10
9.0785568158831
 20
2.1808027490858
  0
VERTEX
  8
5
  6
CONTINUOUS
 62
8
 10
9.0794180491886
 20
2.161708223388
  0
VERTEX
  8
5
  6
CONTINUOUS
 62
8
 10
9.0828629824111
 20
2.1451596344497
  0
VERTEX
  8
5
  6
CONTINUOUS
 62
8
 10
9.0893222322029
 20
2.1315813050646
  0
VERTEX
  8
5
  6
CONTINUOUS
 62
8
 10
9.0992264152171
 20
2.1218218808189
  0
VERTEX
  8
5
  6
CONTINUOUS
 62
8
 10
9.1125755314538
 20
2.1167300072995
  0
VERTEX
  8
5
  6
CONTINUOUS
 62
8
 10
9.1198960145512
 20
2.1154570389196
  0
VERTEX
  8
5
  6
CONTINUOUS
 62
8
 10
9.1250634143847
 20
2.1171543300927
  0
VERTEX
  8
5
  6
CONTINUOUS
 62
8
 10
9.128508347607
 20
2.1213975580256
  0
VERTEX
  8
5
  6
CONTINUOUS
 62
8
 10
9.130661430871
 20
2.1277623999249
  0
VERTEX
  8
5
  6
CONTINUOUS
 62
8
 10
9.1319532808294
 20
2.136673178584
  0
VERTEX
  8
5
  6
CONTINUOUS
 62
8
 10
9.132814514135
 20
2.1481298940027
  0
VERTEX
  8
5
  6
CONTINUOUS
 62
8
 10
9.1332451307876
 20
2.1612839005945
  0
VERTEX
  8
5
  6
CONTINUOUS
 62
8
 10
9.1336757474405
 20
2.1765595211529
  0
VERTEX
  8
5
  6
CONTINUOUS
 62
8
 10
9.1341063640934
 20
2.1888648821583
  0
VERTEX
  8
5
  6
CONTINUOUS
 62
8
 10
9.1345369807461
 20
2.2020188887502
  0
VERTEX
  8
5
  6
CONTINUOUS
 62
8
 10
9.1345369807461
 20
2.2155972181353
  0
VERTEX
  8
5
  6
CONTINUOUS
 62
8
 10
9.134967597399
 20
2.2291755475206
  0
VERTEX
  8
5
  6
CONTINUOUS
 62
8
 10
9.134967597399
 20
2.243178199699
  0
VERTEX
  8
5
  6
CONTINUOUS
 62
8
 10
9.134967597399
 20
2.2576051746709
  0
VERTEX
  8
5
  6
CONTINUOUS
 62
8
 10
9.1345369807461
 20
2.2716078268493
  0
VERTEX
  8
5
  6
CONTINUOUS
 62
8
 10
9.1345369807461
 20
2.2860348018211
  0
VERTEX
  8
5
  6
CONTINUOUS
 62
8
 10
9.1341063640934
 20
2.3000374539995
  0
VERTEX
  8
5
  6
CONTINUOUS
 62
8
 10
9.1336757474405
 20
2.3140401061781
  0
VERTEX
  8
5
  6
CONTINUOUS
 62
8
 10
9.1332451307876
 20
2.3276184355632
  0
VERTEX
  8
5
  6
CONTINUOUS
 62
8
 10
9.1323838974821
 20
2.3403481193618
  0
VERTEX
  8
5
  6
CONTINUOUS
 62
8
 10
9.1319532808294
 20
2.3530778031605
  0
VERTEX
  8
5
  6
CONTINUOUS
 62
8
 10
9.1310920475238
 20
2.3653831641657
  0
VERTEX
  8
5
  6
CONTINUOUS
 62
8
 10
9.1302308142183
 20
2.3764155567913
  0
VERTEX
  8
5
  6
CONTINUOUS
 62
8
 10
9.1293695809125
 20
2.3870236266233
  0
SEQEND
  0
POLYLINE
  8
5
  6
CONTINUOUS
 62
8
 70
0
 66
1
  0
VERTEX
  8
5
  6
CONTINUOUS
 62
8
 10
8.9424819536007
 20
4.8340931755106
  0
VERTEX
  8
5
  6
CONTINUOUS
 62
8
 10
8.3951681879014
 20
4.8417309857899
  0
VERTEX
  8
5
  6
CONTINUOUS
 62
8
 10
8.9472187367814
 20
4.8973172717104
  0
VERTEX
  8
5
  6
CONTINUOUS
 62
8
 10
8.9424819536007
 20
4.8340931755106
  0
SEQEND
  0
POLYLINE
  8
5
  6
CONTINUOUS
 62
8
 70
0
 66
1
  0
VERTEX
  8
5
  6
CONTINUOUS
 62
8
 10
9.6883099962372
 20
4.8879821702581
  0
VERTEX
  8
5
  6
CONTINUOUS
 62
8
 10
9.1564984300386
 20
4.8451255681361
  0
VERTEX
  8
5
  6
CONTINUOUS
 62
8
 10
9.1418574638436
 20
4.9070766959561
  0
VERTEX
  8
5
  6
CONTINUOUS
 62
8
 10
9.6883099962372
 20
4.8879821702581
  0
SEQEND
  0
POLYLINE
  8
5
  6
CONTINUOUS
 62
8
 70
0
 66
1
  0
VERTEX
  8
5
  6
CONTINUOUS
 62
8
 10
8.2741649084669
 20
5.5053718344909
  0
VERTEX
  8
5
  6
CONTINUOUS
 62
8
 10
9.0992264152171
 20
5.3602534391867
  0
VERTEX
  8
5
  6
CONTINUOUS
 62
8
 10
9.1819048125533
 20
5.3925019714765
  0
VERTEX
  8
5
  6
CONTINUOUS
 62
8
 10
9.1659719963999
 20
5.2342295695804
  0
VERTEX
  8
5
  6
CONTINUOUS
 62
8
 10
8.2741649084669
 20
5.4239018581799
  0
VERTEX
  8
5
  6
CONTINUOUS
 62
8
 10
8.2741649084669
 20
5.5053718344909
  0
SEQEND
  0
POLYLINE
  8
5
  6
CONTINUOUS
 62
8
 70
0
 66
1
  0
VERTEX
  8
5
  6
CONTINUOUS
 62
8
 10
9.7796007266292
 20
3.9158586508371
  0
VERTEX
  8
5
  6
CONTINUOUS
 62
8
 10
9.4170215049779
 20
3.9710206139645
  0
VERTEX
  8
5
  6
CONTINUOUS
 62
8
 10
9.4058254720054
 20
3.9786584242436
  0
VERTEX
  8
5
  6
CONTINUOUS
 62
8
 10
9.3972131389496
 20
3.9867205573161
  0
VERTEX
  8
5
  6
CONTINUOUS
 62
8
 10
9.3903232725049
 20
3.9952070131819
  0
VERTEX
  8
5
  6
CONTINUOUS
 62
8
 10
9.385586489324
 20
4.0045421146341
  0
VERTEX
  8
5
  6
CONTINUOUS
 62
8
 10
9.3825721727547
 20
4.0134528932932
  0
VERTEX
  8
5
  6
CONTINUOUS
 62
8
 10
9.3812803227962
 20
4.0223636719522
  0
VERTEX
  8
5
  6
CONTINUOUS
 62
8
 10
9.3817109394489
 20
4.0312744506112
  0
VERTEX
  8
5
  6
CONTINUOUS
 62
8
 10
9.3834334060602
 20
4.0397609064769
  0
VERTEX
  8
5
  6
CONTINUOUS
 62
8
 10
9.3860171059769
 20
4.0473987167562
  0
VERTEX
  8
5
  6
CONTINUOUS
 62
8
 10
9.389892655852
 20
4.054612204242
  0
VERTEX
  8
5
  6
CONTINUOUS
 62
8
 10
9.3950600556856
 20
4.0609770461413
  0
VERTEX
  8
5
  6
CONTINUOUS
 62
8
 10
9.4006580721718
 20
4.0660689196609
  0
VERTEX
  8
5
  6
CONTINUOUS
 62
8
 10
9.4071173219638
 20
4.0698878248004
  0
VERTEX
  8
5
  6
CONTINUOUS
 62
8
 10
9.4140071884083
 20
4.07243376156
  0
VERTEX
  8
5
  6
CONTINUOUS
 62
8
 10
9.4213276715059
 20
4.0732824071467
  0
VERTEX
  8
5
  6
CONTINUOUS
 62
8
 10
9.4286481546034
 20
4.07243376156
  0
VERTEX
  8
5
  6
CONTINUOUS
 62
8
 10
9.7826150431987
 20
3.98078003821
  0
VERTEX
  8
5
  6
CONTINUOUS
 62
8
 10
9.7796007266292
 20
3.9158586508371
  0
SEQEND
  0
POLYLINE
  8
5
  6
CONTINUOUS
 62
8
 70
0
 66
1
  0
VERTEX
  8
5
  6
CONTINUOUS
 62
8
 10
9.8476381577704
 20
4.2247656443503
  0
VERTEX
  8
5
  6
CONTINUOUS
 62
8
 10
9.8459156911593
 20
4.220098093624
  0
VERTEX
  8
5
  6
CONTINUOUS
 62
8
 10
9.8433319912424
 20
4.2137332517249
  0
VERTEX
  8
5
  6
CONTINUOUS
 62
8
 10
9.8403176746729
 20
4.2052467958591
  0
VERTEX
  8
5
  6
CONTINUOUS
 62
8
 10
9.8368727414506
 20
4.1950630488201
  0
VERTEX
  8
5
  6
CONTINUOUS
 62
8
 10
9.8329971915755
 20
4.183182010608
  0
VERTEX
  8
5
  6
CONTINUOUS
 62
8
 10
9.8286910250475
 20
4.1700280040161
  0
VERTEX
  8
5
  6
CONTINUOUS
 62
8
 10
9.8239542418668
 20
4.1551767062512
  0
VERTEX
  8
5
  6
CONTINUOUS
 62
8
 10
9.8196480753388
 20
4.1394767628994
  0
VERTEX
  8
5
  6
CONTINUOUS
 62
8
 10
9.8149112921581
 20
4.1229281739614
  0
VERTEX
  8
5
  6
CONTINUOUS
 62
8
 10
9.8101745089775
 20
4.1051066166431
  0
VERTEX
  8
5
  6
CONTINUOUS
 62
8
 10
9.8054377257968
 20
4.0868607365319
  0
VERTEX
  8
5
  6
CONTINUOUS
 62
8
 10
9.8011315592688
 20
4.0677662108339
  0
VERTEX
  8
5
  6
CONTINUOUS
 62
8
 10
9.796825392741
 20
4.0482473623427
  0
VERTEX
  8
5
  6
CONTINUOUS
 62
8
 10
9.7929498428659
 20
4.0283041910582
  0
VERTEX
  8
5
  6
CONTINUOUS
 62
8
 10
9.7895049096434
 20
4.0083610197738
  0
VERTEX
  8
5
  6
CONTINUOUS
 62
8
 10
9.7864905930739
 20
3.9879935256961
  0
VERTEX
  8
5
  6
CONTINUOUS
 62
8
 10
9.7839068931572
 20
3.9680503544114
  0
VERTEX
  8
5
  6
CONTINUOUS
 62
8
 10
9.7817538098932
 20
3.9476828603337
  0
VERTEX
  8
5
  6
CONTINUOUS
 62
8
 10
9.7808925765876
 20
3.9281640118425
  0
VERTEX
  8
5
  6
CONTINUOUS
 62
8
 10
9.7804619599347
 20
3.9090694861445
  0
VERTEX
  8
5
  6
CONTINUOUS
 62
8
 10
9.7808925765876
 20
3.89039928324
  0
VERTEX
  8
5
  6
CONTINUOUS
 62
8
 10
9.782184426546
 20
3.8725777259218
  0
VERTEX
  8
5
  6
CONTINUOUS
 62
8
 10
9.7843375098099
 20
3.8556048141904
  0
VERTEX
  8
5
  6
CONTINUOUS
 62
8
 10
9.7877824430323
 20
3.8394805480454
  0
VERTEX
  8
5
  6
CONTINUOUS
 62
8
 10
9.792519226213
 20
3.8246292502803
  0
VERTEX
  8
5
  6
CONTINUOUS
 62
8
 10
9.7985478593521
 20
3.810626598102
  0
VERTEX
  8
5
  6
CONTINUOUS
 62
8
 10
9.8054377257968
 20
3.7987455598898
  0
VERTEX
  8
5
  6
CONTINUOUS
 62
8
 10
9.8140500588526
 20
3.7877131672644
  0
VERTEX
  8
5
  6
CONTINUOUS
 62
8
 10
9.8243848585195
 20
3.7788023886053
  0
VERTEX
  8
5
  6
CONTINUOUS
 62
8
 10
9.8360115081451
 20
3.7715889011195
  0
VERTEX
  8
5
  6
CONTINUOUS
 62
8
 10
9.8489300077289
 20
3.7664970276001
  0
VERTEX
  8
5
  6
CONTINUOUS
 62
8
 10
9.8640015905765
 20
3.7631024452538
  0
VERTEX
  8
5
  6
CONTINUOUS
 62
8
 10
9.8695996070627
 20
3.764799736427
  0
VERTEX
  8
5
  6
CONTINUOUS
 62
8
 10
9.8751976235492
 20
3.7664970276001
  0
VERTEX
  8
5
  6
CONTINUOUS
 62
8
 10
9.8807956400354
 20
3.7681943187731
  0
VERTEX
  8
5
  6
CONTINUOUS
 62
8
 10
9.8863936565217
 20
3.7698916099463
  0
VERTEX
  8
5
  6
CONTINUOUS
 62
8
 10
9.8924222896608
 20
3.7715889011195
  0
VERTEX
  8
5
  6
CONTINUOUS
 62
8
 10
9.8980203061472
 20
3.773710515086
  0
VERTEX
  8
5
  6
CONTINUOUS
 62
8
 10
9.9036183226335
 20
3.7762564518457
  0
VERTEX
  8
5
  6
CONTINUOUS
 62
8
 10
9.9092163391197
 20
3.7792267113986
  0
VERTEX
  8
5
  6
CONTINUOUS
 62
8
 10
9.9143837389533
 20
3.782621293745
  0
VERTEX
  8
5
  6
CONTINUOUS
 62
8
 10
9.9195511387868
 20
3.7868645216779
  0
VERTEX
  8
5
  6
CONTINUOUS
 62
8
 10
9.9247185386202
 20
3.7919563951972
  0
VERTEX
  8
5
  6
CONTINUOUS
 62
8
 10
9.9294553218009
 20
3.7983212370966
  0
VERTEX
  8
5
  6
CONTINUOUS
 62
8
 10
9.9337614883289
 20
3.8051104017891
  0
VERTEX
  8
5
  6
CONTINUOUS
 62
8
 10
9.9380676548569
 20
3.8131725348616
  0
VERTEX
  8
5
  6
CONTINUOUS
 62
8
 10
9.9415125880791
 20
3.8225076363139
  0
VERTEX
  8
5
  6
CONTINUOUS
 62
8
 10
9.9449575213016
 20
3.8331157061461
  0
VERTEX
  8
5
  6
CONTINUOUS
 62
8
 10
9.9449575213016
 20
3.846269712738
  0
VERTEX
  8
5
  6
CONTINUOUS
 62
8
 10
9.9449575213016
 20
3.8589993965366
  0
VERTEX
  8
5
  6
CONTINUOUS
 62
8
 10
9.9449575213016
 20
3.8717290803353
  0
VERTEX
  8
5
  6
CONTINUOUS
 62
8
 10
9.9445269046487
 20
3.8840344413407
  0
VERTEX
  8
5
  6
CONTINUOUS
 62
8
 10
9.9445269046487
 20
3.8963398023459
  0
VERTEX
  8
5
  6
CONTINUOUS
 62
8
 10
9.944096287996
 20
3.9086451633513
  0
VERTEX
  8
5
  6
CONTINUOUS
 62
8
 10
9.9436656713431
 20
3.9209505243567
  0
VERTEX
  8
5
  6
CONTINUOUS
 62
8
 10
9.9428044380376
 20
3.9328315625686
  0
VERTEX
  8
5
  6
CONTINUOUS
 62
8
 10
9.9423738213847
 20
3.9447126007808
  0
VERTEX
  8
5
  6
CONTINUOUS
 62
8
 10
9.9410819714264
 20
3.9565936389927
  0
VERTEX
  8
5
  6
CONTINUOUS
 62
8
 10
9.9402207381209
 20
3.9684746772048
  0
VERTEX
  8
5
  6
CONTINUOUS
 62
8
 10
9.9389288881624
 20
3.9799313926235
  0
VERTEX
  8
5
  6
CONTINUOUS
 62
8
 10
9.9372064215513
 20
3.9918124308355
  0
VERTEX
  8
5
  6
CONTINUOUS
 62
8
 10
9.93548395494
 20
4.0032691462544
  0
VERTEX
  8
5
  6
CONTINUOUS
 62
8
 10
9.9337614883289
 20
4.0147258616731
  0
VERTEX
  8
5
  6
CONTINUOUS
 62
8
 10
9.9316084050649
 20
4.026606899885
  0
VERTEX
  8
5
  6
CONTINUOUS
 62
8
 10
9.9290247051482
 20
4.0380636153039
  0
VERTEX
  8
5
  6
CONTINUOUS
 62
8
 10
9.9260103885786
 20
4.0499446535159
  0
VERTEX
  8
5
  6
CONTINUOUS
 62
8
 10
9.9229960720091
 20
4.061825691728
  0
VERTEX
  8
5
  6
CONTINUOUS
 62
8
 10
9.9195511387868
 20
4.0732824071467
  0
VERTEX
  8
5
  6
CONTINUOUS
 62
8
 10
9.9161062055644
 20
4.0851634453587
  0
VERTEX
  8
5
  6
CONTINUOUS
 62
8
 10
9.9118000390364
 20
4.0974688063641
  0
VERTEX
  8
5
  6
CONTINUOUS
 62
8
 10
9.9074938725086
 20
4.109349844576
  0
VERTEX
  8
5
  6
CONTINUOUS
 62
8
 10
9.902326472675
 20
4.1216552055814
  0
VERTEX
  8
5
  6
CONTINUOUS
 62
8
 10
9.8971590728415
 20
4.1339605665868
  0
VERTEX
  8
5
  6
CONTINUOUS
 62
8
 10
9.8915610563552
 20
4.146265927592
  0
VERTEX
  8
5
  6
CONTINUOUS
 62
8
 10
9.8855324232161
 20
4.1589956113907
  0
VERTEX
  8
5
  6
CONTINUOUS
 62
8
 10
9.8786425567714
 20
4.1717252951893
  0
VERTEX
  8
5
  6
CONTINUOUS
 62
8
 10
9.8717526903267
 20
4.1844549789879
  0
VERTEX
  8
5
  6
CONTINUOUS
 62
8
 10
9.8640015905765
 20
4.1976089855798
  0
VERTEX
  8
5
  6
CONTINUOUS
 62
8
 10
9.8562504908262
 20
4.211187314965
  0
VERTEX
  8
5
  6
CONTINUOUS
 62
8
 10
9.8476381577704
 20
4.2247656443503
  0
SEQEND
  0
LINE
  8
5
  6
CONTINUOUS
 62
8
 10
9.1595127466081
 20
3.9867205573161
 11
9.1685556963168
 21
3.0205375570012
  0
POLYLINE
  8
5
  6
CONTINUOUS
 62
8
 70
0
 66
1
  0
VERTEX
  8
5
  6
CONTINUOUS
 62
8
 10
9.1379819139685
 20
4.2701681832321
  0
VERTEX
  8
5
  6
CONTINUOUS
 62
8
 10
9.1422880804963
 20
4.2582871450199
  0
VERTEX
  8
5
  6
CONTINUOUS
 62
8
 10
9.1461636303715
 20
4.2493763663609
  0
VERTEX
  8
5
  6
CONTINUOUS
 62
8
 10
9.1496085635939
 20
4.2425872016683
  0
VERTEX
  8
5
  6
CONTINUOUS
 62
8
 10
9.1530534968161
 20
4.2383439737354
  0
VERTEX
  8
5
  6
CONTINUOUS
 62
8
 10
9.155637196733
 20
4.236222359769
  0
VERTEX
  8
5
  6
CONTINUOUS
 62
8
 10
9.1582208966497
 20
4.2357980369758
  0
VERTEX
  8
5
  6
CONTINUOUS
 62
8
 10
9.1608045965664
 20
4.2366466825623
  0
VERTEX
  8
5
  6
CONTINUOUS
 62
8
 10
9.1625270631777
 20
4.2387682965287
  0
VERTEX
  8
5
  6
CONTINUOUS
 62
8
 10
9.1646801464415
 20
4.2421628788751
  0
VERTEX
  8
5
  6
CONTINUOUS
 62
8
 10
9.1664026130528
 20
4.2459817840145
  0
VERTEX
  8
5
  6
CONTINUOUS
 62
8
 10
9.1681250796639
 20
4.2502250119474
  0
VERTEX
  8
5
  6
CONTINUOUS
 62
8
 10
9.1698475462751
 20
4.2548925626735
  0
VERTEX
  8
5
  6
CONTINUOUS
 62
8
 10
9.1711393962335
 20
4.2595601133999
  0
VERTEX
  8
5
  6
CONTINUOUS
 62
8
 10
9.1728618628446
 20
4.2638033413327
  0
VERTEX
  8
5
  6
CONTINUOUS
 62
8
 10
9.1741537128031
 20
4.2671979236789
  0
VERTEX
  8
5
  6
CONTINUOUS
 62
8
 10
9.1758761794142
 20
4.2701681832321
  0
SEQEND
  0
POLYLINE
  8
5
  6
CONTINUOUS
 62
8
 70
0
 66
1
  0
VERTEX
  8
5
  6
CONTINUOUS
 62
8
 10
8.1957926776585
 20
5.5197988094627
  0
VERTEX
  8
5
  6
CONTINUOUS
 62
8
 10
8.2005294608394
 20
5.3619507303599
  0
VERTEX
  8
5
  6
CONTINUOUS
 62
8
 10
8.2009600774921
 20
5.356010211254
  0
VERTEX
  8
5
  6
CONTINUOUS
 62
8
 10
8.201390694145
 20
5.3496453693546
  0
VERTEX
  8
5
  6
CONTINUOUS
 62
8
 10
8.2022519274505
 20
5.3437048502486
  0
VERTEX
  8
5
  6
CONTINUOUS
 62
8
 10
8.2031131607561
 20
5.3373400083493
  0
VERTEX
  8
5
  6
CONTINUOUS
 62
8
 10
8.2044050107145
 20
5.3313994892432
  0
VERTEX
  8
5
  6
CONTINUOUS
 62
8
 10
8.2065580939783
 20
5.3254589701371
  0
VERTEX
  8
5
  6
CONTINUOUS
 62
8
 10
8.2091417938952
 20
5.3195184510312
  0
VERTEX
  8
5
  6
CONTINUOUS
 62
8
 10
8.2125867271175
 20
5.3135779319252
  0
VERTEX
  8
5
  6
CONTINUOUS
 62
8
 10
8.2168928936455
 20
5.3076374128191
  0
VERTEX
  8
5
  6
CONTINUOUS
 62
8
 10
8.222060293479
 20
5.3021212165065
  0
VERTEX
  8
5
  6
CONTINUOUS
 62
8
 10
8.2280889266179
 20
5.2966050201936
  0
VERTEX
  8
5
  6
CONTINUOUS
 62
8
 10
8.2358400263684
 20
5.291088823881
  0
VERTEX
  8
5
  6
CONTINUOUS
 62
8
 10
8.2444523594242
 20
5.2859969503614
  0
VERTEX
  8
5
  6
CONTINUOUS
 62
8
 10
8.2543565424384
 20
5.2804807540488
  0
VERTEX
  8
5
  6
CONTINUOUS
 62
8
 10
8.2659831920638
 20
5.2753888805292
  0
VERTEX
  8
5
  6
CONTINUOUS
 62
8
 10
8.2789016916476
 20
5.2707213298031
  0
VERTEX
  8
5
  6
CONTINUOUS
 62
8
 10
9.0122418513531
 20
4.9015604996432
  0
VERTEX
  8
5
  6
CONTINUOUS
 62
8
 10
9.0884609988973
 20
4.8595525431079
  0
VERTEX
  8
5
  6
CONTINUOUS
 62
8
 10
9.0901834655084
 20
4.8523390556221
  0
VERTEX
  8
5
  6
CONTINUOUS
 62
8
 10
9.0923365487724
 20
4.8451255681361
  0
VERTEX
  8
5
  6
CONTINUOUS
 62
8
 10
9.0949202486893
 20
4.8379120806502
  0
VERTEX
  8
5
  6
CONTINUOUS
 62
8
 10
9.0970733319531
 20
4.8315472387509
  0
VERTEX
  8
5
  6
CONTINUOUS
 62
8
 10
9.09965703187
 20
4.8247580740583
  0
VERTEX
  8
5
  6
CONTINUOUS
 62
8
 10
9.1022407317867
 20
4.8188175549523
  0
VERTEX
  8
5
  6
CONTINUOUS
 62
8
 10
9.1052550483562
 20
4.8128770358462
  0
VERTEX
  8
5
  6
CONTINUOUS
 62
8
 10
9.1082693649258
 20
4.8073608395336
  0
VERTEX
  8
5
  6
CONTINUOUS
 62
8
 10
9.111714298148
 20
4.8022689660142
  0
VERTEX
  8
5
  6
CONTINUOUS
 62
8
 10
9.1151592313705
 20
4.7971770924946
  0
VERTEX
  8
5
  6
CONTINUOUS
 62
8
 10
9.1186041645927
 20
4.7929338645617
  0
VERTEX
  8
5
  6
CONTINUOUS
 62
8
 10
9.1224797144678
 20
4.7886906366289
  0
VERTEX
  8
5
  6
CONTINUOUS
 62
8
 10
9.1263552643432
 20
4.7852960542827
  0
VERTEX
  8
5
  6
CONTINUOUS
 62
8
 10
9.130661430871
 20
4.7819014719363
  0
VERTEX
  8
5
  6
CONTINUOUS
 62
8
 10
9.134967597399
 20
4.7789312123833
  0
VERTEX
  8
5
  6
CONTINUOUS
 62
8
 10
9.1397043805796
 20
4.7768095984169
  0
VERTEX
  8
5
  6
CONTINUOUS
 62
8
 10
9.1444411637603
 20
4.7831744403162
  0
VERTEX
  8
5
  6
CONTINUOUS
 62
8
 10
9.1483167136355
 20
4.7895392822155
  0
VERTEX
  8
5
  6
CONTINUOUS
 62
8
 10
9.1517616468579
 20
4.7959041241149
  0
VERTEX
  8
5
  6
CONTINUOUS
 62
8
 10
9.1547759634274
 20
4.8022689660142
  0
VERTEX
  8
5
  6
CONTINUOUS
 62
8
 10
9.1573596633441
 20
4.8086338079133
  0
VERTEX
  8
5
  6
CONTINUOUS
 62
8
 10
9.1595127466081
 20
4.8149986498126
  0
VERTEX
  8
5
  6
CONTINUOUS
 62
8
 10
9.1612352132193
 20
4.821363491712
  0
VERTEX
  8
5
  6
CONTINUOUS
 62
8
 10
9.1629576798304
 20
4.8281526564045
  0
VERTEX
  8
5
  6
CONTINUOUS
 62
8
 10
9.1642495297888
 20
4.8345174983038
  0
VERTEX
  8
5
  6
CONTINUOUS
 62
8
 10
9.1651107630944
 20
4.8408823402032
  0
VERTEX
  8
5
  6
CONTINUOUS
 62
8
 10
9.1659719963999
 20
4.8472471821025
  0
VERTEX
  8
5
  6
CONTINUOUS
 62
8
 10
9.1668332297055
 20
4.8536120240018
  0
VERTEX
  8
5
  6
CONTINUOUS
 62
8
 10
9.1676944630111
 20
4.8599768659011
  0
VERTEX
  8
5
  6
CONTINUOUS
 62
8
 10
9.1685556963168
 20
4.8659173850072
  0
VERTEX
  8
5
  6
CONTINUOUS
 62
8
 10
9.1698475462751
 20
4.8722822269065
  0
VERTEX
  8
5
  6
CONTINUOUS
 62
8
 10
9.1707087795806
 20
4.8782227460124
  0
VERTEX
  8
5
  6
CONTINUOUS
 62
8
 10
9.1741537128031
 20
4.8824659739453
  0
VERTEX
  8
5
  6
CONTINUOUS
 62
8
 10
9.1780292626782
 20
4.8871335246716
  0
VERTEX
  8
5
  6
CONTINUOUS
 62
8
 10
9.182335429206
 20
4.8913767526045
  0
VERTEX
  8
5
  6
CONTINUOUS
 62
8
 10
9.1870722123869
 20
4.8956199805374
  0
VERTEX
  8
5
  6
CONTINUOUS
 62
8
 10
9.1922396122202
 20
4.8998632084701
  0
VERTEX
  8
5
  6
CONTINUOUS
 62
8
 10
9.1978376287067
 20
4.9045307591964
  0
VERTEX
  8
5
  6
CONTINUOUS
 62
8
 10
9.2034356451929
 20
4.9087739871293
  0
VERTEX
  8
5
  6
CONTINUOUS
 62
8
 10
9.209464278332
 20
4.9134415378554
  0
VERTEX
  8
5
  6
CONTINUOUS
 62
8
 10
9.2154929114712
 20
4.9181090885815
  0
VERTEX
  8
5
  6
CONTINUOUS
 62
8
 10
9.2215215446103
 20
4.9227766393077
  0
VERTEX
  8
5
  6
CONTINUOUS
 62
8
 10
9.2279807944021
 20
4.927868512827
  0
VERTEX
  8
5
  6
CONTINUOUS
 62
8
 10
9.2344400441939
 20
4.9325360635534
  0
VERTEX
  8
5
  6
CONTINUOUS
 62
8
 10
9.240468677333
 20
4.9376279370727
  0
VERTEX
  8
5
  6
CONTINUOUS
 62
8
 10
9.2464973104721
 20
4.9431441333854
  0
VERTEX
  8
5
  6
CONTINUOUS
 62
8
 10
9.2525259436113
 20
4.9486603296982
  0
VERTEX
  8
5
  6
CONTINUOUS
 62
8
 10
9.2581239600975
 20
4.9541765260108
  0
VERTEX
  8
5
  6
CONTINUOUS
 62
8
 10
9.2619995099726
 20
4.9681791781894
  0
VERTEX
  8
5
  6
CONTINUOUS
 62
8
 10
9.2654444431951
 20
4.9821818303678
  0
VERTEX
  8
5
  6
CONTINUOUS
 62
8
 10
9.2684587597646
 20
4.9966088053396
  0
VERTEX
  8
5
  6
CONTINUOUS
 62
8
 10
9.2706118430286
 20
5.0114601031047
  0
VERTEX
  8
5
  6
CONTINUOUS
 62
8
 10
9.2719036929869
 20
5.026735723663
  0
VERTEX
  8
5
  6
CONTINUOUS
 62
8
 10
9.2731955429453
 20
5.0415870214281
  0
VERTEX
  8
5
  6
CONTINUOUS
 62
8
 10
9.273626159598
 20
5.0568626419865
  0
VERTEX
  8
5
  6
CONTINUOUS
 62
8
 10
9.2740567762509
 20
5.0717139397515
  0
VERTEX
  8
5
  6
CONTINUOUS
 62
8
 10
9.2740567762509
 20
5.0865652375164
  0
VERTEX
  8
5
  6
CONTINUOUS
 62
8
 10
9.273626159598
 20
5.1009922124883
  0
VERTEX
  8
5
  6
CONTINUOUS
 62
8
 10
9.2731955429453
 20
5.1154191874601
  0
VERTEX
  8
5
  6
CONTINUOUS
 62
8
 10
9.2723343096397
 20
5.1294218396385
  0
VERTEX
  8
5
  6
CONTINUOUS
 62
8
 10
9.2714730763342
 20
5.1430001690236
  0
VERTEX
  8
5
  6
CONTINUOUS
 62
8
 10
9.2706118430286
 20
5.1557298528223
  0
VERTEX
  8
5
  6
CONTINUOUS
 62
8
 10
9.2697506097229
 20
5.1684595366209
  0
VERTEX
  8
5
  6
CONTINUOUS
 62
8
 10
9.2688893764173
 20
5.1799162520396
  0
VERTEX
  8
5
  6
CONTINUOUS
 62
8
 10
9.2658750598477
 20
5.1947675498047
  0
VERTEX
  8
5
  6
CONTINUOUS
 62
8
 10
9.2628607432782
 20
5.2104674931563
  0
VERTEX
  8
5
  6
CONTINUOUS
 62
8
 10
9.2594158100559
 20
5.226167436508
  0
VERTEX
  8
5
  6
CONTINUOUS
 62
8
 10
9.2559708768335
 20
5.2418673798596
  0
VERTEX
  8
5
  6
CONTINUOUS
 62
8
 10
9.2525259436113
 20
5.2579916460045
  0
VERTEX
  8
5
  6
CONTINUOUS
 62
8
 10
9.2486503937361
 20
5.2741159121495
  0
VERTEX
  8
5
  6
CONTINUOUS
 62
8
 10
9.2452054605137
 20
5.2898158555011
  0
VERTEX
  8
5
  6
CONTINUOUS
 62
8
 10
9.2413299106386
 20
5.3055157988527
  0
VERTEX
  8
5
  6
CONTINUOUS
 62
8
 10
9.2374543607634
 20
5.320791419411
  0
VERTEX
  8
5
  6
CONTINUOUS
 62
8
 10
9.2335788108883
 20
5.3352183943828
  0
VERTEX
  8
5
  6
CONTINUOUS
 62
8
 10
9.2292726443605
 20
5.3492210465612
  0
VERTEX
  8
5
  6
CONTINUOUS
 62
8
 10
9.2253970944854
 20
5.3623750531531
  0
VERTEX
  8
5
  6
CONTINUOUS
 62
8
 10
9.2215215446103
 20
5.3746804141585
  0
VERTEX
  8
5
  6
CONTINUOUS
 62
8
 10
9.2176459947352
 20
5.3861371295772
  0
VERTEX
  8
5
  6
CONTINUOUS
 62
8
 10
9.2133398282072
 20
5.3963208766161
  0
VERTEX
  8
5
  6
CONTINUOUS
 62
8
 10
9.209464278332
 20
5.4052316552752
  0
VERTEX
  8
5
  6
CONTINUOUS
 62
8
 10
9.1831966625117
 20
5.3941992626497
  0
VERTEX
  8
5
  6
CONTINUOUS
 62
8
 10
9.1698475462751
 20
5.2312593100274
  0
VERTEX
  8
5
  6
CONTINUOUS
 62
8
 10
8.27158120855
 20
5.4230532125932
  0
VERTEX
  8
5
  6
CONTINUOUS
 62
8
 10
8.2754567584252
 20
5.5062204800776
  0
VERTEX
  8
5
  6
CONTINUOUS
 62
8
 10
8.1957926776585
 20
5.5197988094627
  0
SEQEND
  0
POLYLINE
  8
5
  6
CONTINUOUS
 62
8
 70
0
 66
1
  0
VERTEX
  8
5
  6
CONTINUOUS
 62
8
 10
8.9506636700037
 20
4.837487757857
  0
VERTEX
  8
5
  6
CONTINUOUS
 62
8
 10
8.950233053351
 20
4.8587038975214
  0
VERTEX
  8
5
  6
CONTINUOUS
 62
8
 10
8.950233053351
 20
4.8794957143923
  0
VERTEX
  8
5
  6
CONTINUOUS
 62
8
 10
8.9515249033094
 20
4.8998632084701
  0
VERTEX
  8
5
  6
CONTINUOUS
 62
8
 10
8.9532473699205
 20
4.9198063797547
  0
VERTEX
  8
5
  6
CONTINUOUS
 62
8
 10
8.9558310698372
 20
4.9389009054525
  0
VERTEX
  8
5
  6
CONTINUOUS
 62
8
 10
8.9588453864068
 20
4.9575711083572
  0
VERTEX
  8
5
  6
CONTINUOUS
 62
8
 10
8.9622903196292
 20
4.9758169884685
  0
VERTEX
  8
5
  6
CONTINUOUS
 62
8
 10
8.9661658695043
 20
4.9932142229932
  0
VERTEX
  8
5
  6
CONTINUOUS
 62
8
 10
8.970902652685
 20
5.0101871347248
  0
VERTEX
  8
5
  6
CONTINUOUS
 62
8
 10
8.9752088192128
 20
5.0263114008698
  0
VERTEX
  8
5
  6
CONTINUOUS
 62
8
 10
8.9803762190464
 20
5.0415870214281
  0
VERTEX
  8
5
  6
CONTINUOUS
 62
8
 10
8.9851130022271
 20
5.0564383191932
  0
VERTEX
  8
5
  6
CONTINUOUS
 62
8
 10
8.9902804020606
 20
5.0704409713716
  0
VERTEX
  8
5
  6
CONTINUOUS
 62
8
 10
8.9954478018942
 20
5.0831706551702
  0
VERTEX
  8
5
  6
CONTINUOUS
 62
8
 10
9.0006152017277
 20
5.0954760161756
  0
VERTEX
  8
5
  6
CONTINUOUS
 62
8
 10
9.0053519849084
 20
5.1069327315943
  0
VERTEX
  8
5
  6
CONTINUOUS
 62
8
 10
9.0096581514362
 20
5.1175408014265
  0
VERTEX
  8
5
  6
CONTINUOUS
 62
8
 10
9.0152561679227
 20
5.1264515800855
  0
VERTEX
  8
5
  6
CONTINUOUS
 62
8
 10
9.0221460343674
 20
5.1323920991916
  0
VERTEX
  8
5
  6
CONTINUOUS
 62
8
 10
9.0294665174647
 20
5.1357866815378
  0
VERTEX
  8
5
  6
CONTINUOUS
 62
8
 10
9.0376482338678
 20
5.1357866815378
  0
VERTEX
  8
5
  6
CONTINUOUS
 62
8
 10
9.045829950271
 20
5.1315434536049
  0
VERTEX
  8
5
  6
CONTINUOUS
 62
8
 10
9.0540116666739
 20
5.1226326749459
  0
VERTEX
  8
5
  6
CONTINUOUS
 62
8
 10
9.0617627664241
 20
5.1090543455608
  0
VERTEX
  8
5
  6
CONTINUOUS
 62
8
 10
9.0677913995633
 20
5.0997192441083
  0
VERTEX
  8
5
  6
CONTINUOUS
 62
8
 10
9.0746812660079
 20
5.0891111742763
  0
VERTEX
  8
5
  6
CONTINUOUS
 62
8
 10
9.0815711324526
 20
5.0768058132709
  0
VERTEX
  8
5
  6
CONTINUOUS
 62
8
 10
9.0888916155502
 20
5.063651806679
  0
VERTEX
  8
5
  6
CONTINUOUS
 62
8
 10
9.0962120986476
 20
5.0492248317072
  0
VERTEX
  8
5
  6
CONTINUOUS
 62
8
 10
9.1035325817451
 20
5.0335248883556
  0
VERTEX
  8
5
  6
CONTINUOUS
 62
8
 10
9.1104224481898
 20
5.0169762994173
  0
VERTEX
  8
5
  6
CONTINUOUS
 62
8
 10
9.1168816979816
 20
5.000003387686
  0
VERTEX
  8
5
  6
CONTINUOUS
 62
8
 10
9.1233409477736
 20
4.9817575075745
  0
VERTEX
  8
5
  6
CONTINUOUS
 62
8
 10
9.1289389642598
 20
4.9635116274633
  0
VERTEX
  8
5
  6
CONTINUOUS
 62
8
 10
9.1336757474405
 20
4.9444171017653
  0
VERTEX
  8
5
  6
CONTINUOUS
 62
8
 10
9.1375512973156
 20
4.9253225760673
  0
VERTEX
  8
5
  6
CONTINUOUS
 62
8
 10
9.1401349972323
 20
4.9058037275761
  0
VERTEX
  8
5
  6
CONTINUOUS
 62
8
 10
9.1418574638436
 20
4.8862848790849
  0
VERTEX
  8
5
  6
CONTINUOUS
 62
8
 10
9.1422880804963
 20
4.8667660305937
  0
VERTEX
  8
5
  6
CONTINUOUS
 62
8
 10
9.1409962305381
 20
4.8472471821025
  0
VERTEX
  8
5
  6
CONTINUOUS
 62
8
 10
8.9506636700037
 20
4.837487757857
  0
SEQEND
  0
POLYLINE
  8
5
  6
CONTINUOUS
 62
8
 70
0
 66
1
  0
VERTEX
  8
5
  6
CONTINUOUS
 62
8
 10
9.147024863677
 20
4.890952429811
  0
VERTEX
  8
5
  6
CONTINUOUS
 62
8
 10
9.1465942470243
 20
4.8807686827723
  0
VERTEX
  8
5
  6
CONTINUOUS
 62
8
 10
9.1457330137188
 20
4.8714335813198
  0
VERTEX
  8
5
  6
CONTINUOUS
 62
8
 10
9.1440105471076
 20
4.8629471254541
  0
VERTEX
  8
5
  6
CONTINUOUS
 62
8
 10
9.1414268471908
 20
4.8557336379683
  0
VERTEX
  8
5
  6
CONTINUOUS
 62
8
 10
9.1388431472741
 20
4.8497931188622
  0
VERTEX
  8
5
  6
CONTINUOUS
 62
8
 10
9.1358288307045
 20
4.8451255681361
  0
VERTEX
  8
5
  6
CONTINUOUS
 62
8
 10
9.1323838974821
 20
4.8421553085831
  0
VERTEX
  8
5
  6
CONTINUOUS
 62
8
 10
9.128508347607
 20
4.8413066629966
  0
VERTEX
  8
5
  6
CONTINUOUS
 62
8
 10
9.1246327977318
 20
4.8421553085831
  0
VERTEX
  8
5
  6
CONTINUOUS
 62
8
 10
9.1211878645096
 20
4.8451255681361
  0
VERTEX
  8
5
  6
CONTINUOUS
 62
8
 10
9.11817354794
 20
4.8497931188622
  0
VERTEX
  8
5
  6
CONTINUOUS
 62
8
 10
9.1151592313705
 20
4.8557336379683
  0
VERTEX
  8
5
  6
CONTINUOUS
 62
8
 10
9.1130061481065
 20
4.8629471254541
  0
VERTEX
  8
5
  6
CONTINUOUS
 62
8
 10
9.1108530648425
 20
4.8714335813198
  0
VERTEX
  8
5
  6
CONTINUOUS
 62
8
 10
9.1099918315369
 20
4.8807686827723
  0
VERTEX
  8
5
  6
CONTINUOUS
 62
8
 10
9.1095612148842
 20
4.890952429811
  0
VERTEX
  8
5
  6
CONTINUOUS
 62
8
 10
9.1099918315369
 20
4.90113617685
  0
VERTEX
  8
5
  6
CONTINUOUS
 62
8
 10
9.1108530648425
 20
4.9104712783023
  0
VERTEX
  8
5
  6
CONTINUOUS
 62
8
 10
9.1130061481065
 20
4.918957734168
  0
VERTEX
  8
5
  6
CONTINUOUS
 62
8
 10
9.1151592313705
 20
4.926171221654
  0
VERTEX
  8
5
  6
CONTINUOUS
 62
8
 10
9.11817354794
 20
4.9321117407599
  0
VERTEX
  8
5
  6
CONTINUOUS
 62
8
 10
9.1211878645096
 20
4.936779291486
  0
VERTEX
  8
5
  6
CONTINUOUS
 62
8
 10
9.1246327977318
 20
4.9397495510392
  0
VERTEX
  8
5
  6
CONTINUOUS
 62
8
 10
9.128508347607
 20
4.9405981966257
  0
VERTEX
  8
5
  6
CONTINUOUS
 62
8
 10
9.1323838974821
 20
4.9397495510392
  0
VERTEX
  8
5
  6
CONTINUOUS
 62
8
 10
9.1358288307045
 20
4.936779291486
  0
VERTEX
  8
5
  6
CONTINUOUS
 62
8
 10
9.1388431472741
 20
4.9321117407599
  0
VERTEX
  8
5
  6
CONTINUOUS
 62
8
 10
9.1414268471908
 20
4.926171221654
  0
VERTEX
  8
5
  6
CONTINUOUS
 62
8
 10
9.1440105471076
 20
4.918957734168
  0
VERTEX
  8
5
  6
CONTINUOUS
 62
8
 10
9.1457330137188
 20
4.9104712783023
  0
VERTEX
  8
5
  6
CONTINUOUS
 62
8
 10
9.1465942470243
 20
4.90113617685
  0
VERTEX
  8
5
  6
CONTINUOUS
 62
8
 10
9.147024863677
 20
4.890952429811
  0
SEQEND
  0
POLYLINE
  8
5
  6
CONTINUOUS
 62
8
 70
0
 66
1
  0
VERTEX
  8
5
  6
CONTINUOUS
 62
8
 10
9.1353982140516
 20
4.8879821702581
  0
VERTEX
  8
5
  6
CONTINUOUS
 62
8
 10
9.1353982140516
 20
4.8824659739453
  0
VERTEX
  8
5
  6
CONTINUOUS
 62
8
 10
9.134967597399
 20
4.8773741004259
  0
VERTEX
  8
5
  6
CONTINUOUS
 62
8
 10
9.1345369807461
 20
4.873130872493
  0
VERTEX
  8
5
  6
CONTINUOUS
 62
8
 10
9.1336757474405
 20
4.8688876445601
  0
VERTEX
  8
5
  6
CONTINUOUS
 62
8
 10
9.132814514135
 20
4.8659173850072
  0
VERTEX
  8
5
  6
CONTINUOUS
 62
8
 10
9.1319532808294
 20
4.8633714482475
  0
VERTEX
  8
5
  6
CONTINUOUS
 62
8
 10
9.1310920475238
 20
4.8616741570743
  0
VERTEX
  8
5
  6
CONTINUOUS
 62
8
 10
9.1298001975654
 20
4.8612498342811
  0
VERTEX
  8
5
  6
CONTINUOUS
 62
8
 10
9.128508347607
 20
4.8616741570743
  0
VERTEX
  8
5
  6
CONTINUOUS
 62
8
 10
9.1276471143014
 20
4.8633714482475
  0
VERTEX
  8
5
  6
CONTINUOUS
 62
8
 10
9.1263552643432
 20
4.8659173850072
  0
VERTEX
  8
5
  6
CONTINUOUS
 62
8
 10
9.1254940310374
 20
4.8688876445601
  0
VERTEX
  8
5
  6
CONTINUOUS
 62
8
 10
9.1250634143847
 20
4.873130872493
  0
VERTEX
  8
5
  6
CONTINUOUS
 62
8
 10
9.1242021810792
 20
4.8773741004259
  0
VERTEX
  8
5
  6
CONTINUOUS
 62
8
 10
9.1237715644263
 20
4.8824659739453
  0
VERTEX
  8
5
  6
CONTINUOUS
 62
8
 10
9.1237715644263
 20
4.8879821702581
  0
VERTEX
  8
5
  6
CONTINUOUS
 62
8
 10
9.1237715644263
 20
4.8934983665709
  0
VERTEX
  8
5
  6
CONTINUOUS
 62
8
 10
9.1242021810792
 20
4.8985902400903
  0
VERTEX
  8
5
  6
CONTINUOUS
 62
8
 10
9.1250634143847
 20
4.9028334680232
  0
VERTEX
  8
5
  6
CONTINUOUS
 62
8
 10
9.1254940310374
 20
4.9070766959561
  0
VERTEX
  8
5
  6
CONTINUOUS
 62
8
 10
9.1263552643432
 20
4.910046955509
  0
VERTEX
  8
5
  6
CONTINUOUS
 62
8
 10
9.1276471143014
 20
4.9125928922687
  0
VERTEX
  8
5
  6
CONTINUOUS
 62
8
 10
9.128508347607
 20
4.9142901834419
  0
VERTEX
  8
5
  6
CONTINUOUS
 62
8
 10
9.1298001975654
 20
4.9147145062351
  0
VERTEX
  8
5
  6
CONTINUOUS
 62
8
 10
9.1310920475238
 20
4.9142901834419
  0
VERTEX
  8
5
  6
CONTINUOUS
 62
8
 10
9.1319532808294
 20
4.9125928922687
  0
VERTEX
  8
5
  6
CONTINUOUS
 62
8
 10
9.132814514135
 20
4.910046955509
  0
VERTEX
  8
5
  6
CONTINUOUS
 62
8
 10
9.1336757474405
 20
4.9070766959561
  0
VERTEX
  8
5
  6
CONTINUOUS
 62
8
 10
9.1345369807461
 20
4.9028334680232
  0
VERTEX
  8
5
  6
CONTINUOUS
 62
8
 10
9.134967597399
 20
4.8985902400903
  0
VERTEX
  8
5
  6
CONTINUOUS
 62
8
 10
9.1353982140516
 20
4.8934983665709
  0
VERTEX
  8
5
  6
CONTINUOUS
 62
8
 10
9.1353982140516
 20
4.8879821702581
  0
SEQEND
  0
POLYLINE
  8
5
  6
CONTINUOUS
 62
8
 70
0
 66
1
  0
VERTEX
  8
5
  6
CONTINUOUS
 62
8
 10
8.9579841531012
 20
4.8256067196448
  0
VERTEX
  8
5
  6
CONTINUOUS
 62
8
 10
8.9549698365317
 20
4.791660896182
  0
VERTEX
  8
5
  6
CONTINUOUS
 62
8
 10
8.9528167532677
 20
4.7572907499257
  0
VERTEX
  8
5
  6
CONTINUOUS
 62
8
 10
8.9510942866565
 20
4.7233449264626
  0
VERTEX
  8
5
  6
CONTINUOUS
 62
8
 10
8.9498024366981
 20
4.689823425793
  0
VERTEX
  8
5
  6
CONTINUOUS
 62
8
 10
8.9489412033925
 20
4.65587760233
  0
VERTEX
  8
5
  6
CONTINUOUS
 62
8
 10
8.9489412033925
 20
4.6223561016604
  0
VERTEX
  8
5
  6
CONTINUOUS
 62
8
 10
8.9489412033925
 20
4.5888346009906
  0
VERTEX
  8
5
  6
CONTINUOUS
 62
8
 10
8.9498024366981
 20
4.555313100321
  0
VERTEX
  8
5
  6
CONTINUOUS
 62
8
 10
8.9506636700037
 20
4.5217915996512
  0
VERTEX
  8
5
  6
CONTINUOUS
 62
8
 10
8.952386136615
 20
4.4886944217748
  0
VERTEX
  8
5
  6
CONTINUOUS
 62
8
 10
8.9541086032261
 20
4.4551729211052
  0
VERTEX
  8
5
  6
CONTINUOUS
 62
8
 10
8.9562616864901
 20
4.4220757432287
  0
VERTEX
  8
5
  6
CONTINUOUS
 62
8
 10
8.9584147697541
 20
4.3885542425591
  0
VERTEX
  8
5
  6
CONTINUOUS
 62
8
 10
8.9614290863235
 20
4.3554570646827
  0
VERTEX
  8
5
  6
CONTINUOUS
 62
8
 10
8.9640127862403
 20
4.3223598868064
  0
VERTEX
  8
5
  6
CONTINUOUS
 62
8
 10
8.9674577194626
 20
4.2888383861366
  0
VERTEX
  8
5
  6
CONTINUOUS
 62
8
 10
8.970902652685
 20
4.2557412082602
  0
VERTEX
  8
5
  6
CONTINUOUS
 62
8
 10
8.9747782025601
 20
4.2226440303839
  0
VERTEX
  8
5
  6
CONTINUOUS
 62
8
 10
8.9782231357824
 20
4.1891225297141
  0
VERTEX
  8
5
  6
CONTINUOUS
 62
8
 10
8.9825293023104
 20
4.1560253518377
  0
VERTEX
  8
5
  6
CONTINUOUS
 62
8
 10
8.9864048521855
 20
4.1225038511681
  0
VERTEX
  8
5
  6
CONTINUOUS
 62
8
 10
8.9907110187135
 20
4.0889823504983
  0
VERTEX
  8
5
  6
CONTINUOUS
 62
8
 10
8.9950171852413
 20
4.0554608498287
  0
VERTEX
  8
5
  6
CONTINUOUS
 62
8
 10
8.9993233517693
 20
4.0219393491589
  0
VERTEX
  8
5
  6
CONTINUOUS
 62
8
 10
9.0036295182971
 20
3.9884178484893
  0
VERTEX
  8
5
  6
CONTINUOUS
 62
8
 10
9.008366301478
 20
3.9548963478195
  0
VERTEX
  8
5
  6
CONTINUOUS
 62
8
 10
9.0126724680058
 20
3.9209505243567
  0
VERTEX
  8
5
  6
CONTINUOUS
 62
8
 10
9.0169786345338
 20
3.8870047008936
  0
VERTEX
  8
5
  6
CONTINUOUS
 62
8
 10
9.0212848010618
 20
3.8530588774306
  0
VERTEX
  8
5
  6
CONTINUOUS
 62
8
 10
9.0255909675896
 20
3.8191130539677
  0
VERTEX
  8
5
  6
CONTINUOUS
 62
8
 10
9.0298971341176
 20
3.7847429077114
  0
VERTEX
  8
5
  6
CONTINUOUS
 62
8
 10
9.0337726839927
 20
3.7503727614551
  0
SEQEND
  0
POLYLINE
  8
5
  6
CONTINUOUS
 62
8
 70
0
 66
1
  0
VERTEX
  8
5
  6
CONTINUOUS
 62
8
 10
9.3886008058936
 20
4.4967565548473
  0
VERTEX
  8
5
  6
CONTINUOUS
 62
8
 10
9.3903232725049
 20
4.4912403585345
  0
VERTEX
  8
5
  6
CONTINUOUS
 62
8
 10
9.392045739116
 20
4.4852998394286
  0
VERTEX
  8
5
  6
CONTINUOUS
 62
8
 10
9.3937682057271
 20
4.4789349975293
  0
VERTEX
  8
5
  6
CONTINUOUS
 62
8
 10
9.3954906723383
 20
4.47257015563
  0
VERTEX
  8
5
  6
CONTINUOUS
 62
8
 10
9.3972131389496
 20
4.4657809909374
  0
VERTEX
  8
5
  6
CONTINUOUS
 62
8
 10
9.3989356055607
 20
4.4589918262447
  0
VERTEX
  8
5
  6
CONTINUOUS
 62
8
 10
9.4006580721718
 20
4.4522026615521
  0
VERTEX
  8
5
  6
CONTINUOUS
 62
8
 10
9.402380538783
 20
4.444564851273
  0
VERTEX
  8
5
  6
CONTINUOUS
 62
8
 10
9.4041030053943
 20
4.4373513637872
  0
VERTEX
  8
5
  6
CONTINUOUS
 62
8
 10
9.4058254720054
 20
4.4292892307147
  0
VERTEX
  8
5
  6
CONTINUOUS
 62
8
 10
9.4075479386165
 20
4.4216514204354
  0
VERTEX
  8
5
  6
CONTINUOUS
 62
8
 10
9.4092704052276
 20
4.4131649645697
  0
VERTEX
  8
5
  6
CONTINUOUS
 62
8
 10
9.4109928718389
 20
4.4051028314974
  0
VERTEX
  8
5
  6
CONTINUOUS
 62
8
 10
9.4127153384501
 20
4.3961920528383
  0
VERTEX
  8
5
  6
CONTINUOUS
 62
8
 10
9.4144378050612
 20
4.3872812741791
  0
VERTEX
  8
5
  6
CONTINUOUS
 62
8
 10
9.4161602716723
 20
4.3783704955201
  0
VERTEX
  8
5
  6
CONTINUOUS
 62
8
 10
9.4178827382836
 20
4.3690353940679
  0
VERTEX
  8
5
  6
CONTINUOUS
 62
8
 10
9.4196052048948
 20
4.3597002926156
  0
VERTEX
  8
5
  6
CONTINUOUS
 62
8
 10
9.4213276715059
 20
4.3499408683699
  0
VERTEX
  8
5
  6
CONTINUOUS
 62
8
 10
9.423050138117
 20
4.3397571213311
  0
VERTEX
  8
5
  6
CONTINUOUS
 62
8
 10
9.4247726047283
 20
4.3295733742922
  0
VERTEX
  8
5
  6
CONTINUOUS
 62
8
 10
9.4264950713394
 20
4.3193896272532
  0
VERTEX
  8
5
  6
CONTINUOUS
 62
8
 10
9.4282175379506
 20
4.308781557421
  0
VERTEX
  8
5
  6
CONTINUOUS
 62
8
 10
9.429509387909
 20
4.2977491647956
  0
VERTEX
  8
5
  6
CONTINUOUS
 62
8
 10
9.4312318545201
 20
4.2867167721701
  0
VERTEX
  8
5
  6
CONTINUOUS
 62
8
 10
9.4325237044786
 20
4.2756843795447
  0
VERTEX
  8
5
  6
CONTINUOUS
 62
8
 10
9.4342461710897
 20
4.2638033413327
  0
VERTEX
  8
5
  6
CONTINUOUS
 62
8
 10
9.4355380210481
 20
4.2523466259138
  0
VERTEX
  8
5
  6
CONTINUOUS
 62
8
 10
9.4372604876592
 20
4.2404655877019
  0
VERTEX
  8
5
  6
CONTINUOUS
 62
8
 10
9.4385523376177
 20
4.2281602266965
  0
VERTEX
  8
5
  6
CONTINUOUS
 62
8
 10
9.4398441875759
 20
4.2158548656911
  0
VERTEX
  8
5
  6
CONTINUOUS
 62
8
 10
9.4411360375344
 20
4.2031251818927
  0
SEQEND
  0
LINE
  8
5
  6
CONTINUOUS
 62
8
 10
9.1440105471076
 20
4.7789312123833
 11
9.1646801464415
 21
4.0109069565335
  0
LINE
  8
5
  6
CONTINUOUS
 62
8
 10
10.003090769429
 20
1.725928714682
 11
10.003090769429
 21
4.5514941951814
  0
POLYLINE
  8
5
  6
CONTINUOUS
 62
8
 70
0
 66
1
  0
VERTEX
  8
5
  6
CONTINUOUS
 62
8
 10
8.8507606065559
 20
3.2390637955441
  0
VERTEX
  8
5
  6
CONTINUOUS
 62
8
 10
8.8507606065559
 20
3.2390637955441
  0
VERTEX
  8
5
  6
CONTINUOUS
 62
8
 10
8.8507606065559
 20
3.2420340550971
  0
VERTEX
  8
5
  6
CONTINUOUS
 62
8
 10
8.8511912232087
 20
3.2445799918568
  0
VERTEX
  8
5
  6
CONTINUOUS
 62
8
 10
8.8520524565143
 20
3.24627728303
  0
VERTEX
  8
5
  6
CONTINUOUS
 62
8
 10
8.8533443064727
 20
3.2471259286165
  0
VERTEX
  8
5
  6
CONTINUOUS
 62
8
 10
9.0221460343674
 20
3.2471259286165
  0
VERTEX
  8
5
  6
CONTINUOUS
 62
8
 10
9.0234378843256
 20
3.24627728303
  0
VERTEX
  8
5
  6
CONTINUOUS
 62
8
 10
9.0242991176312
 20
3.2445799918568
  0
VERTEX
  8
5
  6
CONTINUOUS
 62
8
 10
9.024729734284
 20
3.2420340550971
  0
VERTEX
  8
5
  6
CONTINUOUS
 62
8
 10
9.0251603509369
 20
3.2390637955441
  0
VERTEX
  8
5
  6
CONTINUOUS
 62
8
 10
9.0251603509369
 20
3.2390637955441
  0
VERTEX
  8
5
  6
CONTINUOUS
 62
8
 10
9.024729734284
 20
3.2356692131978
  0
VERTEX
  8
5
  6
CONTINUOUS
 62
8
 10
9.0242991176312
 20
3.2331232764381
  0
VERTEX
  8
5
  6
CONTINUOUS
 62
8
 10
9.0234378843256
 20
3.2314259852649
  0
VERTEX
  8
5
  6
CONTINUOUS
 62
8
 10
9.0221460343674
 20
3.2310016624716
  0
VERTEX
  8
5
  6
CONTINUOUS
 62
8
 10
8.8533443064727
 20
3.2310016624716
  0
VERTEX
  8
5
  6
CONTINUOUS
 62
8
 10
8.8520524565143
 20
3.2314259852649
  0
VERTEX
  8
5
  6
CONTINUOUS
 62
8
 10
8.8511912232087
 20
3.2331232764381
  0
VERTEX
  8
5
  6
CONTINUOUS
 62
8
 10
8.8507606065559
 20
3.2356692131978
  0
VERTEX
  8
5
  6
CONTINUOUS
 62
8
 10
8.8507606065559
 20
3.2390637955441
  0
SEQEND
  0
POLYLINE
  8
7
  6
CONTINUOUS
 62
8
 70
0
 66
1
  0
VERTEX
  8
7
  6
CONTINUOUS
 62
8
 10
4.9413998068503
 20
1.3976129177098
  0
VERTEX
  8
7
  6
CONTINUOUS
 62
8
 10
4.9822103043888
 20
1.3976129177098
  0
VERTEX
  8
7
  6
CONTINUOUS
 62
8
 10
4.9822103043888
 20
1.3722426900834
  0
VERTEX
  8
7
  6
CONTINUOUS
 62
8
 10
4.9413998068503
 20
1.3722426900834
  0
VERTEX
  8
7
  6
CONTINUOUS
 62
8
 10
4.9413998068503
 20
1.3976129177098
  0
SEQEND
  0
POLYLINE
  8
7
  6
CONTINUOUS
 62
8
 70
0
 66
1
  0
VERTEX
  8
7
  6
CONTINUOUS
 62
8
 10
5.0965693908972
 20
1.3967068381517
  0
VERTEX
  8
7
  6
CONTINUOUS
 62
8
 10
5.1369314214298
 20
1.3967068381517
  0
VERTEX
  8
7
  6
CONTINUOUS
 62
8
 10
5.1371556549328
 20
1.3967068381517
  0
VERTEX
  8
7
  6
CONTINUOUS
 62
8
 10
5.1371556549328
 20
1.3967068381517
  0
VERTEX
  8
7
  6
CONTINUOUS
 62
8
 10
5.1371556549328
 20
1.3967068381517
  0
VERTEX
  8
7
  6
CONTINUOUS
 62
8
 10
5.1371556549328
 20
1.3964803182622
  0
VERTEX
  8
7
  6
CONTINUOUS
 62
8
 10
5.1371556549328
 20
1.372922249752
  0
VERTEX
  8
7
  6
CONTINUOUS
 62
8
 10
5.1371556549328
 20
1.3726957298624
  0
VERTEX
  8
7
  6
CONTINUOUS
 62
8
 10
5.1371556549328
 20
1.3726957298624
  0
VERTEX
  8
7
  6
CONTINUOUS
 62
8
 10
5.1371556549328
 20
1.3726957298624
  0
VERTEX
  8
7
  6
CONTINUOUS
 62
8
 10
5.1369314214298
 20
1.3726957298624
  0
VERTEX
  8
7
  6
CONTINUOUS
 62
8
 10
5.0965693908972
 20
1.3726957298624
  0
VERTEX
  8
7
  6
CONTINUOUS
 62
8
 10
5.0963451573942
 20
1.3726957298624
  0
VERTEX
  8
7
  6
CONTINUOUS
 62
8
 10
5.0963451573942
 20
1.3726957298624
  0
VERTEX
  8
7
  6
CONTINUOUS
 62
8
 10
5.0963451573942
 20
1.3726957298624
  0
VERTEX
  8
7
  6
CONTINUOUS
 62
8
 10
5.0963451573942
 20
1.372922249752
  0
VERTEX
  8
7
  6
CONTINUOUS
 62
8
 10
5.0963451573942
 20
1.3964803182622
  0
VERTEX
  8
7
  6
CONTINUOUS
 62
8
 10
5.0963451573942
 20
1.3967068381517
  0
VERTEX
  8
7
  6
CONTINUOUS
 62
8
 10
5.0963451573942
 20
1.3967068381517
  0
VERTEX
  8
7
  6
CONTINUOUS
 62
8
 10
5.0963451573942
 20
1.3967068381517
  0
VERTEX
  8
7
  6
CONTINUOUS
 62
8
 10
5.0965693908972
 20
1.3967068381517
  0
SEQEND
  0
POLYLINE
  8
7
  6
CONTINUOUS
 62
8
 70
0
 66
1
  0
VERTEX
  8
7
  6
CONTINUOUS
 62
8
 10
4.9413998068503
 20
1.3967068381517
  0
VERTEX
  8
7
  6
CONTINUOUS
 62
8
 10
4.9822103043888
 20
1.3967068381517
  0
VERTEX
  8
7
  6
CONTINUOUS
 62
8
 10
4.9822103043888
 20
1.3722426900834
  0
VERTEX
  8
7
  6
CONTINUOUS
 62
8
 10
4.9413998068503
 20
1.3722426900834
  0
VERTEX
  8
7
  6
CONTINUOUS
 62
8
 10
4.9413998068503
 20
1.3967068381517
  0
SEQEND
  0
TEXT
  8
8
  6
CONTINUOUS
 62
8
 10
5.3177965590907
 20
7.4712711939269
 11
5.0531996993382
 21
7.4144434007663
 50
180
 40
0.11372172726846
  1
28' 1.50"
 41
0.6
  7
TXT
 72
4
  0
LINE
  8
8
  6
CONTINUOUS
 62
8
 10
1.8547761199127
 20
6.7568592381939
 11
1.8547761199127
 21
7.6418868553032
  0
LINE
  8
8
  6
CONTINUOUS
 62
8
 10
8.2516232787636
 20
6.7802321439466
 11
8.2516232787636
 21
7.6418868553032
  0
LINE
  8
8
  6
CONTINUOUS
 62
8
 10
1.8547761199127
 20
7.4144434007663
 11
4.6529121422767
 21
7.4144434007663
  0
LINE
  8
8
  6
CONTINUOUS
 62
8
 10
8.2516232787636
 20
7.4144434007663
 11
5.4534872563996
 21
7.4144434007663
  0
SHAPE
  8
8
  6
CONTINUOUS
 62
8
  2
LONGARROW
 10
1.8547761199127
 20
7.4144434007663
 40
0.16375928726658
 50
180
  0
SHAPE
  8
8
  6
CONTINUOUS
 62
8
  2
LONGARROW
 10
8.2516232787636
 20
7.4144434007663
 40
0.16375928726658
 50
0
  0
TEXT
  8
8
  6
CONTINUOUS
 62
8
 10
5.3104270465523
 20
2.5437244633383
 11
5.0458301867998
 21
2.4868966701777
 50
180
 40
0.11372172726846
  1
28' 1.50"
 41
0.6
  7
TXT
 72
4
  0
LINE
  8
8
  6
CONTINUOUS
 62
8
 10
1.8474066073744
 20
1.2454344808303
 11
1.8474066073744
 21
2.7143401247146
  0
LINE
  8
8
  6
CONTINUOUS
 62
8
 10
8.2442537662253
 20
1.6908445792984
 11
8.2442537662253
 21
2.7143401247146
  0
LINE
  8
8
  6
CONTINUOUS
 62
8
 10
1.8474066073744
 20
2.4868966701777
 11
4.6455426297384
 21
2.4868966701777
  0
LINE
  8
8
  6
CONTINUOUS
 62
8
 10
8.2442537662253
 20
2.4868966701777
 11
5.4461177438613
 21
2.4868966701777
  0
SHAPE
  8
8
  6
CONTINUOUS
 62
8
  2
LONGARROW
 10
1.8474066073744
 20
2.4868966701777
 40
0.16375928726658
 50
180
  0
SHAPE
  8
8
  6
CONTINUOUS
 62
8
  2
LONGARROW
 10
8.2442537662253
 20
2.4868966701777
 40
0.16375928726658
 50
0
  0
TEXT
  8
8
  6
CONTINUOUS
 62
8
 10
1.5379491107993
 20
4.7213932133019
 11
1.267213862359
 21
4.6645654201413
 50
180
 40
0.11372172726846
  1
16' 11.00"
 41
0.6
  7
TXT
 72
4
  0
LINE
  8
8
  6
CONTINUOUS
 62
8
 10
5.0200308622182
 20
2.7407728671832
 11
1.0397704078221
 21
2.7407728671832
  0
LINE
  8
8
  6
CONTINUOUS
 62
8
 10
2.0632659532382
 20
6.5883579730994
 11
1.0397704078221
 21
6.5883579730994
  0
LINE
  8
8
  6
CONTINUOUS
 62
8
 10
1.267213862359
 20
2.7407728671832
 11
1.267213862359
 21
4.579304651281
  0
LINE
  8
8
  6
CONTINUOUS
 62
8
 10
1.267213862359
 20
6.5883579730994
 11
1.267213862359
 21
4.7498261890016
  0
SHAPE
  8
8
  6
CONTINUOUS
 62
8
  2
LONGARROW
 10
1.267213862359
 20
2.7407728671832
 40
0.16375928726658
 50
270
  0
SHAPE
  8
8
  6
CONTINUOUS
 62
8
  2
LONGARROW
 10
1.267213862359
 20
6.5883579730994
 40
0.16375928726658
 50
90
  0
ENDSEC
  0
EOF
